Date,Elevation (m),Average Temperature (°C),Rainfall (mm),Humidity (%),Forest Cover (sq km),Water Quality Index,Groundwater Level (m),Urbanization Rate (%),Landslide Incidents,Flood Incidents,Air Pollution Index,Waste Generation (tons),GDP Contribution (Million $),Population Growth (%)
1980-01,3305.768032,37.24127921,879.4529435,59.08679003,36186.33411,56.55510799,36.88044519,9.677541267,67,49,141.539321,892.5405139,9386.028503,4.330871354
1980-02,2438.768184,8.962337179,610.0265851,41.35927318,36533.30593,95.37263336,40.01630048,6.588120391,35,7,165.6731623,174.2191454,5398.016591,1.682913565
1980-03,556.8756287,11.4662551,1190.198151,76.93296637,36011.19678,91.02874798,2.502807211,7.868374962,50,26,470.8542968,158.0135531,15058.5055,2.372524927
1980-04,3261.606749,39.00619256,319.3295474,34.0366072,34853.6733,28.18114248,55.79598691,1.413085427,0,14,418.0655796,581.14044,17527.60787,2.133882832
1980-05,1932.29121,34.74848474,999.8299917,61.33335659,31191.81406,79.53013486,5.844830872,12.59496096,32,44,357.9646055,660.9192877,14659.52637,0.830568825
1980-06,2592.816874,29.3224053,512.1484466,56.07993457,31901.95263,84.46342928,23.27474134,11.87533123,6,12,68.64961411,202.6730618,3303.934229,4.793314687
1980-07,4998.184073,3.683838506,778.4821667,5.447680425,31489.08876,41.71105506,25.35727568,3.187632648,51,15,226.584118,396.8102678,6675.959205,2.081130913
1980-08,3746.546691,40.06191602,872.7221645,11.87699284,34225.10051,57.72868566,2.078620421,9.69777568,10,21,292.8718799,947.0982045,4181.159743,4.389112505
1980-09,1047.602517,-1.507133335,760.5049046,32.58498019,33525.33957,76.87903532,30.83117994,12.36557057,26,19,118.0833054,254.1512485,12696.56369,1.027845516
1980-10,6737.618875,24.47237857,168.6087637,88.8123327,36069.55998,55.12331911,45.66292168,9.792384978,13,12,240.6664936,671.6770951,15860.12054,2.784566972
1980-11,4524.193207,-8.41593507,531.5412129,18.96642072,36668.71007,29.02375351,49.74958188,5.000772382,85,19,312.4821624,742.7478998,4879.84618,0.217410787
1980-12,5407.905295,25.40458935,673.7260535,72.53496139,32834.01923,76.47059557,53.00502561,10.01361168,79,1,183.8670397,453.6474125,17251.74295,3.844680371
1981-01,738.6494201,5.242939353,1018.852511,97.46982378,33544.45387,92.93109518,30.28769436,3.551695341,45,34,397.0440649,938.1507269,12443.65263,2.946478101
1981-02,519.9969803,14.73223375,532.3748986,80.10391751,36800.6145,72.19877827,38.57689905,5.114697461,75,46,425.0113034,739.2901679,14729.47321,3.165388959
1981-03,332.2467425,8.989550363,1102.496766,28.07980936,31933.67259,81.90405989,6.612143371,3.98100997,9,18,182.0964506,463.3453341,19513.83143,0.353432325
1981-04,1483.799389,-0.498378406,528.4490676,91.29469974,35546.73543,48.66900285,30.30621701,8.575413985,23,44,424.1688626,573.6418498,4422.5768,1.134087818
1981-05,3017.977104,24.20894346,658.5358311,13.84517987,31576.67932,34.65585961,10.97931378,2.069286378,60,36,78.68098607,695.687309,18320.80839,0.464221275
1981-06,6563.617707,38.50865553,955.5428195,49.47348448,34770.22081,71.42189293,23.43930082,14.03300052,17,5,423.7326764,596.2682786,5143.745832,1.515680147
1981-07,3308.005683,42.74963333,699.6812213,89.31648123,31775.30939,46.22169647,21.09970815,5.335929128,85,13,101.7927029,879.910608,9680.299713,3.174451138
1981-08,2173.734717,0.579049973,1152.261687,65.92024238,36186.13372,88.80588152,26.56535348,3.675066843,8,3,68.97576168,363.3197757,17474.45784,2.874311323
1981-09,4021.159724,29.45550257,792.4029966,44.29623365,33930.34561,29.810244,35.15492384,7.699972297,16,21,331.6344401,306.8868827,18406.32202,3.099534126
1981-10,961.1551313,26.53866516,627.2513449,32.81722234,31301.53549,54.67709598,54.36684553,4.516468368,57,38,251.8105619,221.7005006,11608.31845,2.79133123
1981-11,4344.640059,8.885778427,28.31036134,40.63444351,31570.58423,51.73820804,24.88010862,8.256109253,12,35,456.7085822,47.40513838,13099.77885,1.437841099
1981-12,4065.337289,-8.949544036,496.4794771,53.3494692,33456.94437,95.04430828,58.90560935,5.553382672,49,33,200.6989222,52.58382474,15038.50469,1.298086737
1982-01,5585.552627,27.9385186,359.0981031,35.30917334,36731.21418,32.25078405,46.02362679,2.414968756,5,26,164.9615638,871.3546412,17156.89736,0.771592449
1982-02,6909.475759,42.00221733,897.7268015,97.0519469,35387.49515,20.787746,31.66590071,4.355481009,84,6,265.3454059,681.6092149,5065.689882,4.260447287
1982-03,1905.939608,24.76660671,249.9332102,93.64237704,33418.1675,39.04681702,39.35353335,6.857377752,50,2,244.2947073,663.9270913,16771.17824,3.120748857
1982-04,3665.663865,13.94109983,246.2641048,87.71378948,32364.03401,85.62214878,7.929001926,0.939251784,35,46,191.8811817,618.4963907,11181.69456,1.013903961
1982-05,6380.284763,18.88346418,227.4228519,45.07383437,33844.87945,36.74574528,50.98224882,11.67431664,70,32,356.0584104,850.7269532,10660.59823,0.968325961
1982-06,5539.291214,0.979584421,150.7387358,70.67366809,35238.52583,39.2702451,35.77673239,9.516456187,99,1,386.9940619,485.4642564,10206.29578,4.377874447
1982-07,3514.362861,31.27992901,373.2084044,90.76878417,35487.50012,30.39190436,59.19191385,9.219714306,24,41,430.9024654,871.7067203,11656.59695,3.739381232
1982-08,6628.527217,31.05309065,1063.106537,85.79080133,32272.26159,77.23489626,38.91286714,8.417724012,10,15,487.2426042,365.8505759,19065.85941,3.331055492
1982-09,589.2095159,-1.996548479,929.9141668,44.36106633,35048.11488,25.53393524,50.37847183,9.059540999,43,24,155.3284103,927.4404293,12319.46414,2.093634127
1982-10,6530.790614,38.28881104,882.3014596,15.67667469,34604.52146,46.49666419,48.38623908,14.05245331,13,14,366.5639368,701.6704103,19204.01815,1.383680265
1982-11,543.4502682,4.805435671,956.8041668,12.18488456,36713.78604,42.59989813,22.03674679,0.624253557,28,23,215.3013707,264.6053647,6064.93222,4.899308739
1982-12,3921.67226,44.02408335,323.3014672,59.8210843,36517.63203,64.41277838,17.05741626,1.19309579,73,14,348.2285268,568.4440725,15310.31164,4.006473918
1983-01,6254.998446,11.05966577,1064.930029,66.04965385,35525.65528,78.4333012,26.96862784,3.276654444,49,30,253.7113945,537.7002559,16808.07216,1.578718193
1983-02,1986.502416,-0.21637677,164.7640502,85.73504744,35063.76282,62.63011478,29.09999798,2.92587001,4,13,497.0733583,146.5198335,14545.19013,4.253067502
1983-03,3411.289793,9.344606124,403.6148721,32.78892693,31918.29113,94.48207944,15.92491271,3.127319662,71,13,372.5840038,595.3304767,13317.67876,3.818766548
1983-04,2405.436378,14.20991808,704.0977428,20.9096966,35921.75679,96.11541111,53.88667665,10.24318634,68,5,477.6709112,321.6377675,12601.81728,1.555694694
1983-05,6674.578636,-6.188072483,123.486106,41.00555415,32992.53993,48.91722628,33.46777601,7.162507865,87,13,422.4356883,61.82527914,17635.8182,2.190108986
1983-06,5800.790044,21.80201097,876.1562253,38.58963675,31905.6838,82.2144301,58.74977474,14.88079374,56,16,454.3634752,949.1695961,16967.99215,1.011171882
1983-07,5021.210277,22.86978419,464.6952578,17.58455063,32689.12531,79.10411066,48.98103113,3.789845765,25,17,412.7770227,645.0754654,5078.90826,0.644156977
1983-08,4195.863509,30.64117504,941.2867987,68.86685199,35851.54843,91.43716734,34.2308819,5.007036465,5,19,245.8047913,878.1497426,17425.99017,3.641533961
1983-09,5780.024167,-8.395655924,591.4755427,53.32573437,31040.43251,55.83549122,56.92833613,14.77149039,15,16,148.3405731,679.295445,10039.16653,1.410808101
1983-10,2867.415882,19.76810179,217.0494293,73.50666183,33193.11119,62.43785498,31.28273928,12.56049304,59,15,204.0504825,363.4138552,7312.84611,4.118290892
1983-11,3243.352615,-7.09009117,881.7141736,38.50565642,33446.50316,53.26194509,53.45217773,7.3120887,99,39,39.51102934,517.5611916,17786.06566,4.978482686
1983-12,5164.011703,28.5629321,302.572747,35.9417101,30256.40788,88.03015354,22.77239731,8.54165484,11,38,276.2767887,678.9892927,10344.42159,0.475437088
1984-01,2632.73239,-6.934960786,588.9723615,49.89470604,31370.22221,38.37618523,23.96125824,12.72607985,74,31,267.3771661,960.6498019,16742.19973,2.417872113
1984-02,634.5264059,40.14503166,90.63992299,88.35369781,35787.197,39.17672626,26.25157961,7.474213568,2,43,276.8677185,261.1327645,7477.861403,4.030106541
1984-03,705.4753404,28.61454118,741.4399853,8.82672414,35815.37172,49.80840829,33.70428746,3.487343992,62,8,487.7946757,876.227288,3066.798464,3.965859393
1984-04,984.4670489,17.90643708,799.0293195,81.45911764,32046.90559,38.42742657,34.10243567,12.51244581,63,26,458.3833816,924.8370272,11422.80628,3.823986076
1984-05,6113.832999,14.28271578,454.409052,40.0538232,36124.28064,64.88054691,30.79113746,8.297701123,61,45,106.0050058,673.7113595,4703.880363,1.810075183
1984-06,3411.139695,-2.813005327,1145.307336,86.18880745,35402.48057,30.75920852,19.74805647,2.719117659,5,32,203.3747851,931.9539611,15824.39124,2.323880953
1984-07,5047.600112,6.004966426,1049.002706,81.20928584,32925.35239,45.61489755,55.77797496,7.830994552,18,9,229.2594043,403.8998016,7693.277313,3.015344951
1984-08,2871.783482,37.79275078,849.5290989,38.1323185,35238.84441,93.07557588,36.13799365,6.491449019,17,16,199.4504714,953.4860143,10541.97599,4.87230886
1984-09,1959.234442,39.74490464,856.3824894,70.91827086,36729.34242,52.73803842,25.64887454,13.21421671,79,48,405.2931029,705.7550484,4479.570607,1.704981628
1984-10,2560.906739,-9.95887604,302.8820579,20.16511189,33212.78803,79.85869732,39.76826372,2.327803755,86,48,276.2977048,51.58570974,7873.207224,4.62340505
1984-11,5600.439948,22.67750153,788.1782773,90.14674746,31668.99025,29.07697534,46.54207195,13.19054216,42,35,298.886914,907.8041035,16285.33414,1.419848899
1984-12,4451.46965,29.5615335,237.8475183,43.42665112,36592.7155,39.80516065,57.72222912,7.927059744,72,16,430.9163727,489.6280809,5576.994502,4.946464881
1985-01,6575.950504,24.03108404,172.8038687,48.28443346,34226.21002,84.5876497,30.97385141,6.363284235,2,17,408.7862321,465.7237149,14001.71254,3.384292065
1985-02,4821.992494,-5.507612932,1199.361473,72.04710985,30736.85614,81.0394349,8.5017136,2.848524174,71,22,92.13941573,570.8019399,18596.2395,2.371206254
1985-03,4077.235096,1.974869434,746.8511178,82.97982249,34008.77971,50.89247349,27.56441648,10.66186046,37,33,365.5398545,157.8907013,14557.22492,3.105613098
1985-04,4349.332861,3.768714706,517.1854472,27.45256062,33504.06623,96.35175216,29.78029256,13.93869728,67,7,234.6549806,474.4743881,16787.36872,1.435402728
1985-05,6608.125788,35.74485472,345.7974275,67.82826329,35989.12226,92.85144127,54.02565653,5.942971632,75,12,168.4849844,832.8159446,4852.517698,1.443451902
1985-06,5559.766323,15.475969,724.7045324,42.23981417,33714.86633,96.98405993,24.89844457,4.00298251,43,22,53.50884582,25.32763455,7262.441042,0.656417265
1985-07,363.4804141,16.77555166,59.51220986,40.02677778,31786.62704,54.23317522,57.29280736,8.545570296,94,19,259.0072934,280.1879887,18207.16049,0.658846459
1985-08,3832.149934,41.41911756,113.6171886,70.55245327,34729.50845,35.79788669,30.13765065,12.04469625,88,21,197.0552399,12.43004058,15156.79543,1.803591533
1985-09,4880.701199,25.03972389,39.42803729,41.78241104,33798.02817,70.13269113,58.47926906,0.554631571,79,46,148.2111286,421.5541961,13872.41505,3.837991842
1985-10,5291.149653,39.42672359,599.0037999,37.88030752,31631.3124,74.78185266,2.475502626,9.654972828,62,22,356.4957129,731.0323554,14284.03451,3.079058721
1985-11,1649.366411,15.10798704,720.727955,84.40939877,34015.39501,30.03534276,54.13129174,9.14948201,41,40,391.658132,800.7841108,10041.40942,0.602664346
1985-12,6096.80601,-1.781005781,74.97571363,14.62123176,35750.74905,82.91864274,56.00498621,5.113206694,63,34,145.0510739,945.7378635,3757.462738,4.275958972
1986-01,6699.733401,41.14645767,865.469361,69.20979917,30199.99642,21.44481758,57.73921427,7.045633552,53,2,53.24029524,612.4195668,16335.50622,3.046701372
1986-02,1809.66408,15.22878136,276.4740858,28.62891241,34415.95727,58.618271,2.758438982,4.08096675,77,33,428.9137693,262.080598,14538.12502,4.808192326
1986-03,6201.785111,-0.010271797,822.2417445,6.472332973,32447.09637,46.48130076,11.95864852,11.9533432,76,32,34.68107837,924.9064696,11037.67589,3.38390879
1986-04,859.4555851,6.631765717,1178.276568,20.84260554,32048.70012,79.22424479,39.91834118,9.700756534,70,45,470.4428721,777.5625963,18295.91346,0.958356832
1986-05,578.8064856,-7.205857567,829.3270441,62.63284533,32748.11425,45.02085819,3.477416121,8.22431852,75,16,324.9813408,578.6841982,8714.714305,2.421538475
1986-06,1078.721841,15.75653253,1059.831664,72.36708319,32394.15865,86.14456902,5.689321778,6.191629877,36,44,181.2679185,698.6838136,8003.469652,3.277638228
1986-07,592.6393404,36.92204946,1137.838208,7.000489438,35825.67375,67.5962791,14.82257467,4.725073597,3,18,145.8446175,925.0731915,17837.53753,0.238497035
1986-08,5946.083213,41.34692508,584.101258,8.460417114,31923.58468,83.51146894,31.72150659,12.42967905,1,29,34.2326622,715.2700882,16548.79013,0.173060294
1986-09,601.5409823,41.29312141,842.7899753,90.74150091,35132.07116,99.14725103,33.66234844,7.045411221,98,22,140.671566,374.6907625,11754.65678,0.734074703
1986-10,2047.316501,-3.11234859,1022.363104,11.96405272,30658.41874,74.33266766,3.987145122,7.770987588,43,14,94.73230171,715.8979203,5222.490571,1.333155732
1986-11,905.543136,11.01296354,427.9306954,89.94730507,36659.77461,98.79602531,11.88130055,8.052016593,66,13,317.7181237,49.87538111,6656.215015,2.204790705
1986-12,2208.869847,-8.447418219,313.6767799,26.67576181,34356.21646,22.30690615,30.98292905,7.001320564,67,1,108.2764266,392.5514062,14155.87584,2.488458321
1987-01,815.8043797,37.03409397,1135.918287,75.30169102,34947.03004,47.05119908,36.44855601,4.21328218,75,38,278.4560236,412.2598015,9545.701043,0.776335284
1987-02,4742.422105,9.731566911,871.5642004,34.42465865,32086.27532,28.62826116,10.6072984,2.244936384,82,48,307.3547185,175.1698521,17220.04426,3.399618738
1987-03,1106.622351,24.71143653,263.6185601,86.58144243,32884.67598,40.98439451,25.13280189,1.928790374,73,17,170.0795982,32.85462575,19149.23516,3.021076502
1987-04,5992.552296,29.31941409,538.9000712,71.54321222,31566.4487,87.11103193,54.45528332,11.48320659,61,5,46.48052604,142.0474243,16695.82773,1.542874084
1987-05,5756.899145,13.64145684,955.7421234,43.17227857,36527.7526,22.58586123,59.93615865,3.741153423,0,31,47.50932389,658.0752808,9418.272191,0.166933429
1987-06,292.8994612,6.85432851,656.4755891,12.24873315,33416.73113,61.61463486,59.25843838,1.307255817,16,20,42.38324613,804.2659282,16407.6693,0.480474785
1987-07,6290.939218,42.92171006,779.9425178,74.60651747,34413.13681,65.3702966,53.1371216,12.0640024,15,39,377.3885936,988.3214578,8974.508449,2.0193044
1987-08,396.8213539,43.04685238,904.5218425,63.60405182,35139.90421,64.89209173,24.8902851,2.733893966,8,27,179.4645613,352.8998681,5840.701492,0.854474321
1987-09,1829.591338,5.919000242,746.4110266,5.276613194,32597.74264,58.02376591,41.82130894,9.56461833,52,26,404.2610874,603.38543,3567.684483,1.94641607
1987-10,420.2461369,16.37938032,648.0951863,5.894886317,35040.71158,83.24823718,26.16234921,5.410327436,72,1,232.9144272,937.7735171,9557.184117,3.178094762
1987-11,2483.735712,43.50642873,899.5371413,81.83533245,34731.94743,30.68344716,39.61456756,2.333963722,58,32,242.9091074,175.3713635,18360.50816,2.781463397
1987-12,3694.292375,-9.732237579,873.0756425,29.64297519,34939.61534,44.84616124,19.94708332,6.509974199,8,15,271.0548232,720.4691305,7062.771992,1.232761827
1988-01,5617.185109,12.69730366,755.8468802,65.43269843,33424.6093,69.25808428,37.15973071,0.714728486,11,38,365.1247845,757.4289458,6510.723804,1.784730207
1988-02,2498.274543,-4.474834768,431.7472961,48.15036988,32680.56168,75.2761093,32.3779928,12.69515225,40,21,158.5463469,98.08578051,19486.95335,3.108752872
1988-03,4997.332168,18.00368811,486.9745106,87.02585138,31554.57532,52.33187454,3.419855417,7.945720439,14,42,87.14605428,862.6368913,3425.069918,4.318189637
1988-04,1475.030308,-8.6431525,1164.526259,92.11130574,35772.38447,90.02970107,47.86076842,2.517820158,65,46,291.3469475,814.9739966,16358.29656,3.79074585
1988-05,5304.069506,12.37941373,134.8631187,99.6967327,34258.45033,53.23947174,2.69007427,3.936214617,74,12,183.6794829,43.06897651,8463.289248,2.811660131
1988-06,1804.77692,2.138449113,322.2059007,19.5999929,33110.46537,52.22209075,19.00304465,6.995640286,10,1,237.9709174,100.1735707,3637.295267,1.875235692
1988-07,1176.10434,19.33195994,590.882111,86.98158442,36607.97135,22.89658092,2.343595796,3.238606051,7,13,334.0649529,58.63562495,18602.64318,1.88875126
1988-08,1460.780183,44.7796507,1004.075623,30.27203079,30334.87169,64.0913069,23.81968197,4.394687842,54,37,262.2390983,341.3960965,5373.919614,4.40914482
1988-09,1438.029276,34.02948578,196.4107965,61.12750812,35951.20362,76.69446708,5.663310634,8.248590681,95,40,321.531044,514.1961008,12380.24782,0.292293523
1988-10,3687.46758,36.51031504,332.3455417,53.04841922,36983.07815,29.15505308,54.98363608,12.57283069,5,27,285.774001,537.0242507,7658.921526,4.941114958
1988-11,5944.623552,24.9395743,78.95786135,6.708872499,36208.59478,44.43462129,26.10939912,6.326675443,52,6,377.7042948,274.9900922,4108.277637,3.355439513
1988-12,741.3145235,-7.714208345,847.1823193,93.61327159,35673.0561,82.5005563,28.65075494,10.89614147,19,17,361.7902103,912.4809177,3848.682256,3.437574725
1989-01,5007.302966,1.373872182,285.8513226,12.44107024,32620.14195,49.27355483,22.29131369,13.2119211,38,40,281.0692492,374.580162,4964.46388,0.286189403
1989-02,4649.555926,40.8785506,466.4097008,70.38079734,31619.19928,39.32819696,38.39535694,3.636363634,98,35,349.0844198,55.09465441,4213.239236,3.067093447
1989-03,6133.135672,10.13622149,532.4417364,79.57564944,35143.95364,73.77605309,47.49567076,12.20428357,71,40,440.5730131,307.2248404,15929.48796,2.475412494
1989-04,1860.203411,-4.299980044,1069.576723,80.55234566,32132.02756,35.74070221,39.5925111,11.48233188,33,35,233.1675053,535.7983283,11254.62544,0.618316644
1989-05,3260.747039,28.63229512,493.5963484,17.8719793,31232.27778,91.65223357,45.39601287,5.67559082,56,43,223.9986442,414.1396044,8829.165553,1.461817853
1989-06,6495.626146,6.470174816,174.2700239,47.5191453,35505.68121,28.44787168,54.54647248,14.84803941,18,3,389.1954418,281.1040939,10112.27147,4.462540835
1989-07,4687.955461,4.78713021,629.177926,83.79574269,32187.80557,76.52398418,52.08569884,4.307299386,70,29,303.8003034,140.0100173,18792.0945,2.794943238
1989-08,2843.625207,44.88876006,1155.549594,33.75452499,36401.09211,59.9638961,41.09539026,4.194647357,30,23,63.3731867,820.9728551,18482.78082,2.125741218
1989-09,1093.604203,37.19764088,729.2227693,49.43612416,35884.42851,89.59436499,14.44900185,11.69775789,81,19,449.2926474,996.1837897,15166.50016,0.456142564
1989-10,1984.898054,12.43658001,1180.064665,30.91541981,35933.48231,30.09560728,38.98676536,6.802531112,39,45,44.46805805,336.2467122,18039.60042,3.599195484
1989-11,4152.265247,43.91436643,1009.328771,49.0373847,35400.98808,74.23159348,31.35281955,5.296527424,13,30,381.7462874,387.8048337,8434.016469,3.543969035
1989-12,5083.542043,25.75622729,43.15890746,89.34460265,36166.16997,65.76437113,43.5987154,3.090610677,99,23,386.6332471,621.8571494,9478.858542,3.108813674
1990-01,1046.068831,30.81123485,790.0795145,48.23680195,35640.22825,58.40721138,50.31003561,11.59732025,80,6,477.9622101,721.25706,13433.10709,2.600286966
1990-02,4277.261368,-8.26678263,344.1202531,57.81164162,34217.57955,59.31258107,45.07784684,11.90166619,36,25,55.44317195,398.1092395,13601.6411,2.225543571
1990-03,3942.388696,-3.311710736,671.5402268,43.37774691,32070.75903,77.75815694,51.10054786,8.715178047,43,12,310.5227246,905.8802218,11188.89725,3.007028356
1990-04,3694.897037,24.81968196,335.2142291,48.7111324,36217.46435,95.01933239,5.704249654,14.38104739,8,7,231.0850682,564.4039493,9811.183423,1.243637713
1990-05,4892.8372,39.44631905,418.6444999,6.441548909,35884.22536,27.30013273,3.833962218,5.113367421,57,4,185.3974888,455.8861756,19765.0653,4.712169414
1990-06,5894.657247,24.30590493,1107.802454,31.95582345,33310.15526,21.56021181,16.99303293,3.684476159,19,43,72.44972334,650.2060256,16959.10164,2.985093193
1990-07,2396.329846,-2.628630812,247.9718219,46.47526357,30273.5508,84.4563834,54.23863288,10.32326815,91,12,294.4474362,953.2758098,10394.66336,1.624842977
1990-08,6245.282893,-3.633197456,1048.930942,65.21071272,34469.80609,28.653551,49.77223656,11.49692529,49,28,255.1491411,796.6067715,15363.97211,2.303431269
1990-09,1292.308566,36.43022427,36.54936968,47.7549334,30354.17798,98.93574369,41.59818327,3.761136573,19,19,79.14059533,49.61299923,7582.548785,4.047855465
1990-10,1376.562314,-2.338371371,109.051846,37.09261912,36483.95973,69.54785992,42.64400271,1.610856082,35,13,317.8700683,338.9868116,4702.878546,0.891918698
1990-11,2014.050033,18.61275783,1025.61005,41.86937986,36731.4188,72.06931162,44.14688722,12.25248906,26,31,376.8379665,475.8392381,8991.327434,1.53489455
1990-12,1012.809913,-7.958767402,756.6672371,28.01786627,31326.43102,35.91133624,56.67095663,14.65927862,71,49,390.6208015,321.3723965,9850.537602,3.429589311
1991-01,1766.170728,-5.563162793,896.6833656,92.82695686,34734.72565,39.22498482,50.26708683,9.847748148,31,26,455.5253985,703.1856852,3281.131118,1.645897112
1991-02,923.5999877,26.97915472,251.301205,54.56560645,30645.88303,72.74802425,38.15664245,4.529070052,0,24,222.4512487,828.0064584,16851.46403,3.983258241
1991-03,5787.916436,27.90497757,644.5001467,6.273898118,35106.6185,92.77814703,40.61149524,14.95175282,16,3,477.9442013,734.0316442,9106.287841,0.739222087
1991-04,1144.989145,8.780817363,884.6630683,6.84739455,32431.01366,98.59124436,14.3969352,13.45236623,8,20,436.7518204,989.439954,12867.10882,3.837162235
1991-05,5281.623391,1.858537088,752.7769644,97.43135532,34767.35078,35.84247573,40.12449186,7.944019371,83,17,169.3557384,279.8221714,4257.374184,0.434923403
1991-06,525.8143018,34.75406489,566.0385203,26.03783468,32610.13556,30.72956982,26.63138272,12.46715863,44,38,104.8630276,876.2396001,5974.946089,0.161703802
1991-07,6649.938227,1.940677621,1151.740544,81.53278744,31018.97257,24.51210862,10.8717885,12.32939759,95,14,234.6330162,768.9564385,18124.79333,4.501295242
1991-08,5035.888595,19.81148883,811.3888001,10.53615365,32842.76986,89.46376145,48.77136352,14.05458506,65,37,218.8923927,368.55697,13347.68797,2.948562163
1991-09,246.2165304,43.25148625,1089.30096,92.51045999,30788.71469,43.57718775,31.59433179,12.69339573,31,47,300.5880735,736.7832982,19154.82885,1.823951796
1991-10,5394.224201,-1.868115918,875.7246139,88.06961535,34038.18292,20.14496271,58.69065242,9.833348921,44,23,304.1915292,113.0351969,19978.75058,1.239713721
1991-11,3695.757061,41.74819471,882.5562343,59.25385043,30286.66073,37.90544688,18.33740256,9.334903925,8,7,382.4938827,791.4401475,9321.621961,3.122740338
1991-12,5499.683158,0.059117919,96.02192371,5.854872442,33691.23776,47.23528641,29.87886651,7.276680681,29,27,269.6482757,537.0072966,8079.652089,2.594110699
1992-01,3752.9783,21.20937644,431.3575462,29.49203303,36204.58053,99.27889356,27.98373637,9.58404178,83,20,79.26664124,299.367271,17592.05294,4.9588291
1992-02,4558.969032,10.73542416,1030.043288,43.6481515,35865.11289,61.88332751,9.005212301,12.0306405,37,15,433.3969277,659.2195288,19976.39426,4.917758335
1992-03,5547.055257,43.07107308,279.1246346,48.70609109,36179.4719,36.37711581,26.71468617,14.55104558,59,15,175.5893541,645.2037987,13703.90098,3.211620374
1992-04,2954.734771,5.044811595,138.6070394,33.27948206,36454.34161,46.78546758,18.67810047,7.275666694,0,34,486.5098063,217.3913605,16517.39228,2.27006548
1992-05,218.4154188,11.98119011,391.327268,8.130047483,30731.69522,46.424615,11.29858734,8.817971443,4,16,85.39425108,40.09344066,16289.6796,2.506590749
1992-06,5979.636172,44.05730648,264.5254619,61.06210356,30901.23042,21.57805972,18.36502387,6.949679678,62,8,480.3780509,439.286361,9040.77504,3.444147425
1992-07,2790.054466,19.50587152,1110.345834,54.79469343,33899.04764,30.81464433,15.52859809,10.193085,98,34,72.77554923,573.8167507,12762.59646,0.597715267
1992-08,3573.090537,17.64465636,1041.55997,31.88506037,36257.80868,75.61571678,44.5762648,9.633847309,35,28,138.5869848,877.8392256,17161.968,1.708925162
1992-09,252.8131666,4.177816851,599.6198763,8.607716919,36820.4462,29.62007893,3.784960339,0.758589958,64,38,51.89257278,928.9346277,14697.9359,0.468833981
1992-10,3546.22567,28.57499582,73.61264938,99.48644779,30323.83342,38.45874213,37.81283938,8.346842607,77,17,361.4031789,533.517166,3359.784838,0.459467722
1992-11,6908.114331,-9.209487652,857.4748153,50.78868775,32490.41859,48.05898387,46.11835784,1.783059988,72,11,429.6404062,756.2654489,8723.996371,1.059612285
1992-12,2092.220094,-7.276805366,748.0940776,76.82040297,31490.25978,80.61879556,29.88196048,0.882562461,93,18,234.0134085,444.9102396,5456.086842,2.477740948
1993-01,2888.844238,22.96472229,1164.665605,47.96983333,35291.76094,66.59207719,56.03076884,11.97235885,23,47,466.4053753,748.621335,6960.527605,3.945394174
1993-02,4872.891976,8.79210156,670.7438883,9.101177632,34481.35708,75.1199988,43.05708032,4.250423001,3,21,307.4405637,212.7535097,18393.32112,2.478929867
1993-03,5740.596939,42.43240047,403.6724681,34.41207078,30839.21622,65.36098603,45.37957178,5.439498621,77,48,326.1033537,377.3540875,3627.185911,1.743835392
1993-04,3038.263043,39.67548799,622.8260323,35.4104634,33384.65447,74.68739402,13.42214227,1.42922652,88,14,427.3470248,637.8857188,6736.612103,0.503529653
1993-05,2305.748319,29.25384423,1175.11595,84.64352588,34798.08366,20.22737229,47.0831434,3.102753777,67,0,169.4960964,27.97638595,8262.678988,2.796448064
1993-06,6577.21544,34.99800696,835.634919,67.15184791,35453.03776,94.47185155,50.26149469,11.60126986,24,1,196.504889,725.2366972,13487.02922,1.429216074
1993-07,4804.585773,26.70325173,806.3713655,31.16584085,30140.36897,28.87361847,22.95345053,7.656197038,73,7,455.797402,837.1801463,12079.72873,3.113177472
1993-08,1009.344871,-3.092984351,288.8179077,96.93529569,36233.28702,52.49992768,14.37505795,13.26969271,98,21,453.4528431,405.1502445,6710.581209,4.888219922
1993-09,668.7095713,32.10488533,892.3230211,35.54647408,33984.96968,81.68306962,24.33293939,6.260010906,6,24,488.9469048,453.462993,5792.098143,0.645440175
1993-10,3488.138985,1.56055828,900.3261954,99.83223245,35683.3638,54.81845744,44.8972622,4.396160668,12,1,453.8640087,852.7693901,7025.566588,1.139414454
1993-11,1696.612449,7.789357031,380.7467805,99.63555085,35655.56621,95.74740413,26.22306234,5.54019731,67,8,89.86485694,777.898089,11543.00365,2.418163237
1993-12,1927.096323,35.05788167,580.4565989,23.16499919,31328.96862,57.40711588,44.72580876,10.83519101,42,8,417.1504145,295.2679941,7610.022357,4.846207695
1994-01,6168.306816,19.50890846,353.5239995,34.71040604,30771.20484,89.99515245,8.586743377,8.547582249,56,12,222.6240847,330.7363455,19109.24253,3.881867904
1994-02,809.0489654,37.29673928,310.4460844,51.17419886,35049.01088,84.86624907,48.74867921,13.61077251,35,5,495.6766373,682.0894501,10885.70876,4.501323046
1994-03,5064.475984,1.716942591,31.0752843,68.08956376,31094.98843,98.47890422,16.68603394,9.231447156,13,29,251.9720532,567.5661115,3999.532281,1.735202758
1994-04,2043.767323,23.42781412,342.2540936,55.16450766,35949.56244,94.12382246,16.43788129,7.648764023,81,14,290.3029588,170.6072754,15397.5289,4.960988522
1994-05,5370.231906,-5.39149651,664.7639399,97.09693957,35083.32639,91.84990678,36.24209598,11.8934145,71,14,278.9942102,316.8306101,8590.3699,0.603880799
1994-06,5112.397414,25.36835464,1.921425059,73.7789706,35892.77755,78.52834724,6.066846653,14.23924084,95,49,181.216404,900.9834441,14109.31184,0.35956724
1994-07,250.2649298,31.93937208,339.8629006,25.14426069,32093.08876,49.35985178,3.525268148,5.659765713,26,6,65.26038178,691.2926924,7753.104299,4.292452873
1994-08,3662.120808,22.17119917,1057.692399,14.98426727,32216.18642,28.49003349,17.13966259,4.123205047,36,10,450.9560783,986.1145745,12702.64361,4.643597864
1994-09,1147.37248,4.642732582,712.3783021,70.39812262,34698.55089,75.09160418,33.20791794,9.435152246,86,39,407.2576319,769.3424047,16126.59258,0.543868252
1994-10,6090.343808,-8.276153213,729.4353889,20.05298182,30220.12169,98.29232651,54.6417504,7.733655907,70,37,95.57758686,942.5546878,18776.14861,0.655794391
1994-11,6126.784003,-3.430311382,484.037166,79.82929983,35085.47722,78.12835499,51.09324023,14.84319084,75,39,395.0810875,224.0266881,7439.161455,0.262553373
1994-12,3044.751491,24.22666385,811.7665722,34.54848339,35850.4815,94.29834954,30.44589468,7.20424587,24,1,324.147933,773.7700261,8692.568167,0.612087057
1995-01,3221.890205,41.39311193,227.9193195,36.05485999,32906.14511,84.34437704,4.149015634,1.577807495,66,47,222.2975803,30.01534495,10892.52914,1.126157102
1995-02,2262.323988,1.359392218,982.4961725,6.025847277,35354.15181,33.04917401,33.04465861,14.67185138,89,38,149.3899401,674.0524215,18761.97224,4.853375433
1995-03,5072.922833,30.4264382,140.0269439,71.59607037,31222.27642,39.93630165,42.8781448,12.73201071,3,9,434.0725282,474.5894553,18323.57657,3.372515089
1995-04,2638.897269,37.65480848,787.2016256,15.76062654,32255.82276,47.34924814,21.67154289,3.084627087,99,43,359.0884819,353.2924712,4527.930762,3.914909825
1995-05,2020.988827,18.64851981,409.379191,78.42365486,36820.13474,33.46083555,8.44167159,13.61677617,78,16,287.4377575,863.7803088,5242.807038,3.903083078
1995-06,3139.171205,26.80961877,897.0155647,51.72744308,36904.29721,66.53210661,18.15694129,5.439668902,95,6,316.4972109,855.7250157,11423.65601,2.721861374
1995-07,822.115125,34.82584242,659.7174615,79.50658242,33588.23537,98.03604193,46.75215414,5.968123776,92,39,72.80110558,32.07868785,4812.527638,4.007695991
1995-08,5276.901792,4.337133676,542.8236462,60.47302122,36539.88854,80.91670667,22.37214227,13.64267649,73,38,252.7422876,613.4100712,8874.874847,3.019456909
1995-09,285.6555286,6.329262085,203.3068825,12.83116084,33659.11475,53.87093993,49.09492646,8.186675693,84,3,121.0391376,374.1539021,5522.55143,1.641275878
1995-10,4582.498418,-9.965486585,764.1857571,77.73697199,32041.1169,20.36035848,20.5322442,2.497562476,15,34,127.9403291,421.5043915,13812.68604,2.849439533
1995-11,1443.478782,42.9701772,1169.723812,11.63095107,31868.29502,45.06208089,11.48619223,5.85131431,18,46,340.8128623,833.7203318,19141.42234,2.714192072
1995-12,1780.347514,40.4649692,990.7241099,50.47666345,36506.53994,62.14074302,27.27920485,10.97041297,28,35,458.2903914,316.7413738,19944.4741,4.134919963
1996-01,4522.297591,32.05125451,72.00983111,21.37317534,31207.12472,45.94006991,28.23192171,3.025670727,50,30,219.7656069,943.6183225,9379.099252,4.910463365
1996-02,6952.015567,-5.650818846,451.475254,76.47184191,34057.42721,28.88279384,2.934276676,9.058352362,17,24,127.6421583,187.8374881,13183.21483,2.114108571
1996-03,5488.478926,14.61265893,1110.699611,91.60116664,33888.67548,55.42119655,8.788614217,10.58147493,57,40,334.9110605,666.0951991,17556.55011,3.840614324
1996-04,1735.709499,-4.395953532,603.6524971,57.64198552,35177.35179,40.26022536,12.72570909,5.485876845,43,12,439.4579118,675.3840163,4996.855238,0.58883872
1996-05,1396.968334,-9.124385301,794.534191,55.07899296,33494.70035,92.73859012,8.588064408,10.56126999,15,17,381.7098365,259.6732098,14722.59499,3.90647371
1996-06,6090.383518,23.89006309,1095.119215,77.57650365,31905.99962,28.14036228,21.80851237,13.3210066,64,20,438.3158984,331.5031029,9950.342249,1.919942869
1996-07,3220.450846,42.84561794,1048.553629,5.482487233,31185.7755,23.9322103,57.94812563,7.345692791,1,47,282.1806954,836.4505077,6504.484725,0.293011798
1996-08,1131.959059,39.65774129,602.1844506,92.18707105,34345.73162,20.42513353,31.53490722,6.052185259,55,0,383.3818349,764.1872024,9846.811519,1.879906275
1996-09,6063.037679,28.32151482,525.1755632,23.75763762,35032.9353,46.24557476,38.39824938,4.14179682,78,35,95.8303429,335.8049215,4291.324878,3.09214948
1996-10,5749.428,-4.684767871,407.6311422,98.49129396,33986.64895,72.83094706,22.67041575,9.260979458,27,49,193.6890692,538.6169815,14821.92153,0.684325822
1996-11,6890.563275,5.079022072,862.8233318,74.94412506,35168.45894,78.43310023,20.76229018,13.2578547,64,7,213.0881073,71.06349329,7296.625369,4.627769013
1996-12,6386.25707,7.603119979,344.3841594,78.55385903,30990.64842,56.26093467,3.342512771,5.207588374,4,47,270.3090007,216.6584236,8293.895966,0.480594825
1997-01,5992.174303,31.97325318,299.8651277,67.33928314,36177.29136,74.74629204,31.01935203,6.245415106,21,20,466.6658893,490.9623533,5058.38207,4.657032927
1997-02,557.5059051,34.12370486,427.4998735,49.80800236,34076.76856,48.7931229,30.04932239,6.396070004,99,42,440.9193833,95.11399793,17699.20494,3.564973838
1997-03,910.0245126,11.18083676,212.6580683,59.30463087,30887.90749,73.4244976,11.15418212,8.631778956,12,20,93.22698138,844.8990313,11388.55275,1.71558966
1997-04,4069.085721,12.98361981,834.1437791,9.408274171,33233.47643,23.24767882,46.33079201,3.811929943,64,26,111.2111364,720.826148,12726.49692,2.014676704
1997-05,3814.058875,-7.55200284,739.4887792,64.2761534,35913.54217,51.26023877,30.57511116,12.42206175,15,18,198.0910583,944.1973339,12680.35561,3.729965887
1997-06,3314.149859,5.902519513,579.4542409,64.47931969,36282.93535,83.26797421,21.66165027,4.786233024,85,22,166.649617,696.5322369,9978.382947,3.047208394
1997-07,2898.167413,14.82068474,468.3909351,89.66407575,31852.54653,84.24048244,10.52071672,10.72775902,63,49,318.942348,940.9973585,6273.008562,3.391050315
1997-08,3132.231297,-3.565932449,1090.875051,53.03735396,34978.86077,77.29190231,34.02532796,7.941628256,31,42,454.3047424,558.9674301,15667.25672,2.006906621
1997-09,4071.225952,14.92971034,34.94854199,12.32871554,30699.89673,36.33908965,45.66338751,8.995515249,79,34,482.2770246,604.216425,5159.956511,2.490286061
1997-10,214.1203197,36.92466967,922.9292922,34.08861245,30234.8211,39.77640951,18.35596246,3.104326713,50,39,337.1933877,977.2013441,4765.854435,4.950350672
1997-11,1972.819664,21.97265608,1082.291486,67.28479415,33922.79268,99.68709818,14.69007239,11.15783637,78,41,423.9348247,645.7078554,15072.46564,1.148222065
1997-12,3724.302101,-5.658857973,535.6254953,27.72959196,34863.79306,28.27024058,32.27222792,3.234997526,57,47,276.8450341,40.47870317,6550.229348,2.147495314
1998-01,5111.069471,0.541922536,660.8285898,31.65014308,35570.50712,34.45301591,11.00991155,2.145367746,45,4,127.913665,726.5647489,8215.136773,1.529933619
1998-02,1384.265508,16.09993926,1133.356425,82.94455655,32381.51367,30.40210045,40.66357642,8.426852748,51,40,276.6035537,906.4140052,11078.86694,3.849046401
1998-03,3918.791982,9.88179324,254.7330183,60.51037452,30045.67787,46.21239709,37.10993042,10.78480849,62,7,290.8888227,797.6244473,10638.97238,3.843661866
1998-04,5058.32585,9.729986075,624.1618173,53.31010602,33356.63466,36.81406682,7.050758876,1.225519628,75,10,378.9550552,587.9949399,15045.84513,1.532982759
1998-05,3223.468074,19.10970965,569.6653526,35.25293685,30110.97482,59.81503676,4.118182004,1.506232067,59,15,133.3450052,674.590478,13598.34049,0.498812552
1998-06,384.151709,22.14177569,310.0711774,74.43816341,30643.89157,58.08165655,37.97674185,12.13884786,64,38,203.1058796,990.2898714,13954.73476,0.156020116
1998-07,3255.023478,33.82738637,982.3118764,32.33325128,32286.82316,92.12044956,19.06903889,12.23097414,80,46,201.0929105,99.75546762,15138.92362,2.194507613
1998-08,2215.825237,8.75316099,1079.520714,75.02103418,33060.20435,22.7791958,7.013853684,4.056918397,54,23,480.93661,670.5723803,7974.416366,2.110654212
1998-09,6521.617332,34.30064557,938.3190957,11.65964063,31956.28609,45.59036613,46.04686489,9.420808941,56,20,238.6541314,290.5637176,8479.666301,4.943110405
1998-10,1047.371023,8.623617601,234.430753,87.13142745,34073.05687,67.73263136,20.21455218,6.92611109,91,22,384.8941646,643.6894926,10445.96171,2.402030171
1998-11,4636.836497,-6.951185608,104.0983626,52.45881402,30387.44852,68.38414095,28.65677388,9.6740926,70,48,382.8813492,611.5473401,8226.856942,1.356450011
1998-12,558.4944111,20.48032081,726.5333824,46.65826159,31012.05797,58.41009832,15.73514979,13.01174962,72,37,154.8057669,161.9222638,19743.94377,4.467024261
1999-01,3233.958977,22.33462787,68.51371261,63.0472241,34866.80881,85.25324327,38.38439054,1.657918156,85,46,298.778754,214.6791793,16838.88275,2.506232953
1999-02,3967.060513,41.39971351,807.3910663,64.29824693,30994.98598,25.01777371,19.48632809,11.78077418,25,7,450.3223599,625.4132823,5799.1297,3.035960613
1999-03,2226.093533,29.93337293,636.5090644,17.5433418,34478.42641,85.23902125,58.14521575,7.648922016,11,6,253.3429281,136.9476478,3095.10065,0.568776681
1999-04,3294.514322,40.47749589,795.3428793,76.84219103,30382.79235,59.58033923,42.77095782,8.679840685,70,1,474.2052285,272.5290664,3727.31556,1.976290396
1999-05,1312.165803,39.95909656,708.2049284,31.21318831,32851.67595,30.70085561,9.92989203,9.98200472,45,29,130.7953678,836.8930923,7149.078668,4.726696005
1999-06,2268.042176,23.25157606,507.2430834,90.97137862,31241.86629,90.85615308,26.1683007,13.87803566,46,12,64.85477971,333.8205909,4942.951859,2.988576382
1999-07,4423.523009,19.02691359,241.0526162,82.69581302,30767.45398,71.93830236,24.35442378,1.322439327,78,22,448.9833204,493.1795547,12066.74795,1.78805909
1999-08,2252.24038,20.65925319,366.842563,37.89527395,33969.22948,33.08365495,32.98633242,0.927407106,37,28,428.410163,941.7289318,17585.91879,3.165769185
1999-09,6318.252933,43.80819442,629.4006891,81.73523285,36498.3504,22.69197787,50.83197912,3.084795832,20,37,496.5172417,234.8775979,15524.75376,4.561014339
1999-10,4473.167312,32.52422305,782.2417124,38.85709743,30383.50934,31.28877187,35.83847688,14.80349203,13,36,349.3149394,395.7297572,6665.354072,1.442553942
1999-11,3182.813325,-4.155375236,935.3796203,14.59002976,32950.87974,68.70383681,5.570287301,10.86860733,1,19,470.2433255,610.3931978,9788.087352,2.575071921
1999-12,463.5471618,32.81356237,920.6048621,96.37938268,34952.74806,34.34369882,40.01411041,9.412296226,71,32,418.6660418,757.7855402,11634.20156,4.797584204
2000-01,3596.928679,-0.620407311,1167.226492,66.99719145,33238.81482,38.06104599,2.479387281,1.182066275,69,28,426.8803766,902.6368528,16773.49944,0.944741102
2000-02,5400.478446,14.6042802,343.0097384,48.32945503,35645.47162,22.01117806,47.23770671,13.24709825,32,49,297.4965381,916.3182577,17265.06725,3.626353235
2000-03,2005.791666,1.57528197,85.33284986,42.7884684,31257.51721,77.83445378,40.6648922,12.28497437,5,14,209.711361,778.8736736,18465.2113,3.11095694
2000-04,5686.060274,27.9270686,414.7883227,35.84700675,36717.15944,84.82915198,19.90956818,10.13960064,89,22,469.2422941,236.0475282,11657.16926,3.430408143
2000-05,1912.286009,38.25203549,891.9533703,98.23752157,32696.13839,83.74785414,18.96162467,5.417396825,36,41,233.0950725,34.56123674,14802.67069,1.82097619
2000-06,5801.475438,5.969903695,525.7339812,17.80099019,32390.98743,30.20545211,48.2998338,1.522321856,13,2,283.2451026,389.9361911,4900.606311,1.63800893
2000-07,779.824723,-5.489409234,981.3461167,34.9064806,36122.24056,92.26409019,47.43352813,8.910558075,36,36,239.6737243,150.1333625,12609.91232,3.452627386
2000-08,6090.04922,6.417120394,659.1916382,51.12227583,33947.06922,73.78230636,22.43353655,10.93557129,7,28,295.4646076,713.283771,7227.760761,1.156162097
2000-09,3594.467866,26.97990219,1115.750067,50.40995678,33615.11039,91.80228979,19.33896823,1.866485082,76,44,251.1373871,664.519281,10339.18705,2.15630825
2000-10,2216.455609,8.081807015,1137.43613,49.77981602,35088.84544,55.77284036,34.46983776,9.689631067,12,7,52.54475253,53.53192521,13778.85864,1.022055766
2000-11,2002.770103,5.296169215,83.16540722,21.6994625,34058.83967,54.95638889,2.485208279,4.652307984,39,21,444.5626474,838.2278413,7368.760944,0.140693722
2000-12,3137.671801,0.143935482,547.6961277,18.76859008,31137.60951,82.76292149,6.794688203,11.58154121,91,28,238.8650949,256.2558336,3887.145983,4.853281064
2001-01,6993.536587,17.36340348,731.6268735,29.2029207,34719.38336,27.46382844,9.317836229,8.324429834,57,1,306.8035148,437.9048047,3173.975559,2.215344595
2001-02,1698.226275,5.177185549,307.047049,91.87998461,30934.28215,61.66992293,12.75388543,2.371033423,17,40,95.4182673,671.2543981,3376.712104,4.849813111
2001-03,901.8732124,30.2055692,488.4921353,15.74003194,35641.00394,86.91073885,31.69705135,8.134531992,56,48,31.59228855,435.124599,3141.945538,0.787585247
2001-04,4178.239147,-5.78576789,813.2178493,76.95538482,36928.15618,86.41540505,59.55003106,6.238184519,82,49,145.286344,446.8749248,4876.035961,2.978097219
2001-05,3522.088772,26.52181682,272.0810723,76.96709735,32641.71337,96.49062851,39.8515773,3.11516154,37,44,361.1554351,74.97171538,7071.308148,1.084772761
2001-06,3764.534643,3.065800801,722.3776236,81.92818837,33113.29129,75.86180748,5.555330078,12.701978,31,0,76.62142915,407.4291138,6760.765741,3.971363222
2001-07,4735.160839,16.91035936,836.9373938,89.22847145,30325.03559,36.62165036,32.4836037,0.659912503,85,43,457.177097,767.1994143,19775.5421,3.940144645
2001-08,2016.579675,5.734945712,108.5955733,29.98843687,30096.13232,21.62242519,30.80542232,5.025860015,65,19,131.0606076,916.0245738,8202.103789,0.65177503
2001-09,6392.521969,29.75227718,597.0351792,26.33314958,36449.93534,58.35326389,10.36173332,0.682628053,76,20,126.1589987,419.3621657,5166.153317,4.569115819
2001-10,3162.57005,41.99188721,315.6960359,49.22303832,30900.36842,61.09630925,55.37579739,1.892100724,86,36,115.308742,429.3499686,12274.56325,1.053685271
2001-11,1077.786127,40.43922287,869.2636272,30.18347103,33120.45123,39.22100676,27.56438437,4.807895178,24,7,36.5714051,705.6008353,17585.27674,3.103588974
2001-12,5247.631546,22.08844183,227.4666102,74.75944895,35707.48237,29.97579577,59.68443016,1.286932188,91,26,392.7485702,943.3442811,14527.02641,4.929604738
2002-01,4573.109598,15.44356668,1070.685499,65.41425979,36225.23132,66.8966533,26.36419312,9.151142719,57,46,441.2662297,274.3903308,8033.395515,4.42374302
2002-02,2347.055137,35.00652802,517.1296038,88.12383037,33635.7838,81.14045392,37.26154676,1.759512166,74,34,318.6564702,445.7427645,12547.47472,4.78716325
2002-03,4426.327323,27.58294994,237.6036364,12.86013883,33955.22767,99.45232829,8.076227114,10.67484769,32,5,118.4539914,798.0135111,15152.55156,1.778733979
2002-04,1695.061303,0.096026282,525.6261556,91.93291667,34687.78781,80.66420938,28.34521378,1.263310633,87,44,164.0806586,613.5966337,15377.77637,0.617320647
2002-05,3224.907644,35.15055675,490.4925154,32.86811953,36729.67729,83.49059314,15.84842185,1.359978975,65,43,253.6855478,119.4804805,14331.15374,1.022899679
2002-06,6316.005151,13.58864142,514.7027514,51.61596286,34218.68973,69.31687026,50.46275832,4.927225536,29,18,478.5425973,631.4554082,17803.77722,2.552424986
2002-07,1108.032785,0.394211298,702.6735522,46.66808641,33916.32682,98.87381272,47.46733592,13.50028711,80,17,146.2551448,194.8788218,17791.79279,3.986825424
2002-08,2829.53586,5.498854272,625.4084699,77.22960685,30101.73895,71.19651081,49.80243998,9.800202106,33,0,373.8735748,515.1137747,12841.92151,0.835752857
2002-09,5783.768488,4.713986664,179.732558,44.9316644,30566.64791,88.82026291,43.96934739,11.66690373,85,24,236.5406649,533.812235,10307.55827,3.332684508
2002-10,6792.538116,18.5563836,78.69488718,94.63754884,34040.20139,95.6627717,50.29562697,2.552505587,68,26,169.9882537,877.4413286,13906.69502,1.68553026
2002-11,3286.697728,2.890354987,875.2985385,90.74071885,36553.68271,94.38868004,13.64806751,12.59481878,47,6,244.2804904,467.8693313,16909.60402,1.771890155
2002-12,3647.597417,-3.203843193,671.6609231,87.85530944,36066.83944,50.5132275,28.21853904,0.618120599,39,43,63.46715724,286.647998,3096.085782,3.343396878
2003-01,4090.76934,-3.197003216,430.8009217,11.7695416,36878.05246,26.29296467,42.12711904,3.589331586,50,41,405.3830643,238.6566847,19863.94915,2.388297156
2003-02,6539.967363,22.08019084,970.029387,86.15451585,33694.83826,33.7498962,38.96876488,9.433338657,79,28,144.3519062,875.5093579,6109.19413,4.078963136
2003-03,6035.806179,30.41176089,465.6701691,79.25536732,35515.51657,24.73786443,43.54856001,5.941072925,12,30,370.9436979,179.3007459,10994.23276,0.864000697
2003-04,1360.087647,7.684315486,955.1581075,14.83372997,35882.80232,28.43175479,15.00698622,14.77080418,89,43,62.12373458,431.6098753,17824.50549,3.970746522
2003-05,3169.953161,-8.09421096,366.907353,15.20436092,34536.2216,34.77209967,7.709213125,0.939919079,30,42,478.8963214,195.3013838,6825.686784,0.414752715
2003-06,3355.202912,-3.002631218,87.41435705,14.61056209,32371.24933,47.28754533,55.17478153,14.97967344,38,35,120.7170431,775.5709997,11105.51881,1.050864013
2003-07,5565.853559,40.30820082,1119.167633,6.076596354,33289.84904,63.48317173,34.48996994,9.542603576,62,18,444.8887758,479.6289136,5253.897063,3.315133601
2003-08,4299.671602,17.14490128,473.4613551,57.12025899,36005.41951,76.93456475,10.92190362,8.601251422,47,5,410.4524085,357.6322537,9716.297532,4.289135717
2003-09,4648.699142,14.94650453,951.2310874,97.47245769,32089.83548,36.87418689,48.01932175,1.362930417,86,24,484.8941643,367.4886442,6011.302731,1.338130176
2003-10,6987.759372,-7.907295193,334.9729599,46.67504678,36466.20192,73.80179234,55.06593632,4.463268712,47,30,254.6086106,853.6920647,9181.671729,1.703238869
2003-11,709.7282956,30.07503623,775.6381345,56.37196268,31608.64439,76.34072596,11.83468408,13.90760898,60,8,371.8767281,558.2362148,9348.891685,2.731891667
2003-12,1716.4668,19.04374445,1047.973048,96.95713069,35246.61491,64.68978695,49.40992241,5.636567046,11,19,204.2340088,720.6891726,19883.90342,1.136706752
2004-01,2973.692374,1.114451485,49.97282681,29.24231173,34413.91464,92.28942958,56.12705356,10.09397141,77,9,116.6530719,898.0681311,19911.8215,4.074665682
2004-02,2564.920341,-3.94594319,996.7629176,86.554674,35247.19609,28.87958511,56.42497282,14.99269708,55,36,238.2456885,902.7242593,4951.366737,3.890819561
2004-03,347.1898172,11.0863325,685.599606,56.90709439,33061.43301,34.16971661,55.02107478,4.314510851,17,26,107.9020372,335.2239638,15341.46925,0.811929389
2004-04,824.087724,36.04390803,728.9661047,59.10026889,36528.48744,54.29318595,33.69241872,8.853172746,26,12,491.5609727,952.9267505,3879.673154,2.372765686
2004-05,4830.482382,37.59120076,627.789601,37.60151643,34427.30542,30.13701882,22.6602564,10.59834799,27,40,75.23585084,34.62712319,3513.264261,3.896656057
2004-06,6179.406351,23.15655092,1049.370124,58.35051429,32018.07063,65.3036915,2.421822846,2.887095075,81,1,306.92951,383.0672054,4790.676202,1.752914702
2004-07,3696.743677,30.0145035,52.12002868,11.9485384,34469.18549,51.87203733,5.532909159,2.655752174,79,49,324.438012,896.8408689,19413.25617,3.202223431
2004-08,3866.499341,-3.666431693,313.2340698,77.6411394,32007.71023,42.76766356,26.87266289,7.116464719,51,20,282.8973852,281.890511,18994.68031,0.346044295
2004-09,1934.635343,22.3469336,1050.915047,32.04533735,32055.42674,33.59918504,25.16091649,6.094281566,15,32,341.2273663,280.3506358,6296.772945,3.082574927
2004-10,5421.559273,26.68311369,902.814843,89.3227913,32797.18958,46.82705907,12.71340676,10.85612383,76,23,84.60496426,309.5960622,5748.429704,0.847999602
2004-11,5312.203194,1.03920636,21.17419221,39.94581599,35967.01292,68.63674807,24.93784163,1.507877186,57,43,290.8587064,616.190251,7089.096471,4.169858293
2004-12,4200.886687,38.40851031,620.4075399,18.5682905,33502.08512,66.06281687,12.1297038,14.59641604,92,41,164.9899084,443.9494479,11764.2989,1.841702372
2005-01,1646.117148,0.724820564,635.4872169,71.10874957,34752.3059,33.08992002,51.22989266,0.707016234,8,33,471.8827498,729.467488,12684.97874,1.479613927
2005-02,859.723884,7.241254792,481.0585622,20.63492375,32743.77418,29.99358486,19.29530292,9.219093953,25,8,388.1736771,895.9615361,6767.088317,4.220355986
2005-03,636.8223158,24.13062659,356.8719985,76.59964898,31845.23808,22.13414101,36.71673231,8.65817264,27,1,487.0818066,677.4573812,15862.5874,0.345705713
2005-04,4230.333253,25.10925358,818.0698205,96.97066246,36682.48113,20.9940475,31.1648976,2.453378098,76,29,47.65135278,212.422053,8262.40388,2.043383117
2005-05,5810.24017,28.46616075,249.3485576,79.05752254,34225.06873,90.38483486,5.0091605,2.688281749,35,21,164.0125923,933.3550833,18676.23253,1.913017349
2005-06,6036.646936,-3.839355781,958.7382745,7.132678601,36537.65937,23.60710848,56.64955573,11.99382357,8,45,121.8486157,271.8479446,14164.28601,1.495521834
2005-07,3352.630106,36.72054365,963.6445929,61.98914987,31423.89102,78.49768879,32.57910674,13.36965565,46,10,35.24265604,158.3953524,10417.9703,4.567596227
2005-08,5533.044835,19.30659228,498.3137251,71.06401374,31028.25915,89.7588077,20.85334332,4.603746005,77,42,143.8930932,99.06760607,16428.50403,3.779549128
2005-09,6638.785335,15.92269868,340.2576131,83.41854095,35990.76035,27.84462788,11.17134104,6.850477477,50,16,349.0247123,567.7499033,16904.54864,0.413223505
2005-10,2071.156765,43.96036935,340.6538179,10.32021935,34766.42049,54.90411391,21.63454481,5.647428095,75,35,138.6117934,122.6248379,7938.187295,3.601968502
2005-11,2906.130355,30.72080633,578.7495888,50.61024366,31306.04949,96.98423865,3.189672975,1.551931688,56,12,269.2316194,147.3881253,8775.147245,2.683765752
2005-12,6534.05715,-3.509668536,863.4950697,55.8602329,31885.5179,86.73109284,23.08637301,10.26146157,31,6,447.274514,307.0301758,18911.23761,4.514252683
2006-01,2499.970578,31.6096542,430.6424292,21.06686195,35604.64759,59.17632255,32.82618378,12.46529755,66,15,356.0662226,288.8364796,5800.597652,1.633433525
2006-02,6414.358774,-4.761308631,732.0520145,35.63273192,33177.08034,81.00568902,52.56824226,4.920750682,56,32,215.4756629,608.1971152,3716.557088,2.913393798
2006-03,6871.105063,-8.489119062,458.9813527,46.82106399,34693.78355,86.67020995,41.86771623,14.85754901,53,44,205.0604013,818.5778267,10718.94048,2.553700846
2006-04,4700.312954,12.19942424,365.427827,84.15492036,32228.46415,47.84215706,8.471774162,1.599847581,15,0,244.1958326,763.7361596,16620.5683,2.498848441
2006-05,5754.853969,44.64679951,29.8314191,93.29371878,32668.60967,91.37223335,10.56928682,10.09596535,61,10,113.2094773,269.8596102,16118.35781,2.334916458
2006-06,5296.909837,-0.381383509,4.696926882,64.70016875,36934.98791,57.63786557,26.83115533,6.999306211,83,5,327.9803607,252.857393,18632.02069,1.10758443
2006-07,4956.832952,26.99543889,272.6492134,42.51979267,31733.31961,62.22458908,13.3510496,6.975727566,95,19,201.151825,966.1336148,12064.41129,3.80297862
2006-08,2287.131296,-0.463216359,487.6875442,29.13294669,33545.19464,99.97661103,3.6152871,7.135861432,55,34,430.6117142,18.15387918,4701.099417,2.31154656
2006-09,588.2414978,29.86328362,1021.513401,98.30284252,35910.8164,87.46423729,48.69086305,4.25088572,22,43,385.5797502,880.9233277,13007.71256,4.796729748
2006-10,2532.751781,17.79445175,958.1810915,98.38689982,31674.5625,48.94160046,3.1323091,10.875661,16,36,316.9411871,207.7312339,16232.72544,1.377961293
2006-11,4735.164699,27.39844405,320.5983151,92.87281008,32906.4963,20.82764772,50.1799971,10.96285963,79,40,201.1750446,947.8114799,4586.578045,3.445444814
2006-12,897.1985479,1.158024675,293.4485316,79.63856924,34305.63901,70.0939259,10.35802986,4.594758097,37,25,128.6679609,348.884212,5935.175819,4.70951369
2007-01,281.0422843,31.00955829,272.7864853,35.94905666,33368.31706,76.31307409,58.53134783,12.61194368,71,11,394.7913761,445.9482562,3208.94124,3.350945783
2007-02,1149.908134,44.75904828,407.0848086,82.61504593,33216.51587,72.06421521,37.02468689,5.094251683,82,29,258.6122765,710.0494078,13092.09385,4.369237247
2007-03,5067.0043,26.61077753,597.8384635,43.83533664,32537.56812,97.42898809,44.62901235,11.0138503,29,27,135.6325179,591.792361,18074.48466,4.154656703
2007-04,6814.997171,17.14139989,526.4013264,36.04344432,34106.52429,89.03768219,8.408050422,2.254496629,57,26,121.7320691,324.7599364,14401.27637,1.864576806
2007-05,6884.839957,40.77456937,261.9278385,75.76220905,34370.60889,55.90653545,52.00203626,2.946173821,97,41,107.7384251,558.2926067,19694.68149,3.040607306
2007-06,3559.058214,-9.128148677,156.5416919,12.56712312,34573.02679,25.028599,50.67315589,5.079036845,77,18,395.2657622,733.3998155,4071.572092,0.865680565
2007-07,6111.595647,30.14579356,15.09337498,9.613458713,30492.57676,58.08470156,39.87357843,9.111169631,21,4,137.6239771,51.91159644,18351.01845,2.724076825
2007-08,5210.419899,38.88105842,184.7558864,47.55560123,34417.23923,75.1395216,31.13194215,9.859916539,16,4,277.5218639,21.0873122,16839.16089,1.229067662
2007-09,3607.073611,-6.607897901,846.4276442,47.33568608,36672.66025,68.61678466,43.84637204,6.247164494,14,40,242.2267897,463.4862697,8342.105848,3.744310393
2007-10,4094.771624,14.75352937,292.3662832,90.08619454,33786.90365,63.05096542,2.34383649,1.62866772,47,26,302.4171226,140.5182516,19549.95138,2.687486267
2007-11,1133.144597,1.259569967,562.3221721,16.98454415,35006.86958,57.50551664,36.36156381,5.917702455,31,27,442.2628032,667.7008486,7894.941719,2.115014077
2007-12,6576.097932,21.15849911,709.5613787,16.71197311,33897.12615,43.50094984,51.14955583,10.48712898,76,25,437.8412733,221.9119317,18118.18031,1.417105771
2008-01,2593.122441,25.72486272,1064.209083,19.00799705,35983.18433,42.18774094,22.70019346,10.22943419,84,26,242.0057538,438.5225957,17972.72581,4.993622561
2008-02,3233.814944,6.644275061,1066.626118,7.824944823,36507.08166,60.01851831,8.280782676,2.822847991,39,48,37.22213785,205.6942275,15880.17948,0.451381552
2008-03,4767.289571,15.29899183,894.8804804,11.81451509,31289.5393,32.84825171,26.41088049,0.612867569,96,41,230.4285887,552.9987499,12578.99805,0.313447335
2008-04,2470.536806,5.36367169,42.18839046,67.68763735,33058.02026,47.25483389,44.17205805,11.41823345,56,20,314.9109626,124.8929248,5040.046743,1.164561262
2008-05,1928.962295,10.31651405,690.0845029,46.00051127,32746.67471,45.91834198,8.223470201,2.042338413,57,0,292.1494368,32.87578426,12043.51949,4.858255047
2008-06,4491.135874,-1.225302382,943.900165,77.54229137,32836.50586,66.97062413,13.95081649,1.694062587,90,27,336.1279697,60.62032173,9065.536346,4.898267025
2008-07,369.8917595,38.7057694,20.74565372,99.29678327,30878.66927,25.33458403,10.55800712,0.539167644,98,47,102.4155943,954.7158571,16467.68956,3.3091459
2008-08,5100.930762,-9.449427419,659.6215364,67.6082947,35695.31008,86.37349442,48.22296982,6.772719226,15,14,333.8714964,150.8633564,15888.19651,4.412522669
2008-09,3695.358915,38.53250525,1029.316975,9.793279209,30250.3637,64.99027043,5.647772102,7.797326563,27,16,115.8462608,711.3934706,18480.41263,1.148412481
2008-10,4319.125368,21.44233831,568.922491,14.93347215,33697.58625,73.66613446,41.82201712,9.746128669,97,25,382.7462709,77.24694218,3252.112761,4.863006261
2008-11,4496.785083,8.24118143,4.927443477,88.69538806,34633.14872,76.2475123,23.2545014,4.79292569,0,19,189.3711782,117.0787487,16754.75469,0.799645766
2008-12,3783.941064,29.7681419,13.21603,55.11211473,31452.28607,43.31873095,45.83589209,10.80115839,40,24,363.6508537,513.7874889,18953.8549,0.595513422
2009-01,4161.229687,17.92636835,499.9632449,83.35953014,36340.95134,57.62972539,57.93423829,2.955311932,47,12,52.49683149,470.2222209,16418.10763,0.649836542
2009-02,4849.759766,17.4509762,186.0104009,86.37817194,35869.84445,96.49967647,8.643627376,12.56385577,30,32,221.694212,952.0645063,5213.305818,2.908326824
2009-03,5321.208161,-3.942174439,797.3407885,93.12908144,33297.58611,81.33641904,20.23433238,8.791800769,35,24,361.3662255,945.3870985,4381.744782,3.926774564
2009-04,5146.676261,11.42338143,850.5591179,95.23377452,32878.04253,97.56455002,48.98727481,8.966402439,32,7,136.6291427,781.8125561,3354.369077,1.896669172
2009-05,6113.391913,3.258539022,213.4557546,57.70845067,31655.97548,79.70034761,17.43718639,3.5417435,32,4,403.7849111,606.0808118,13688.66884,4.89169034
2009-06,1488.215346,-9.136725192,1066.239946,37.39691636,35109.95257,34.04801118,14.47699463,1.574576865,81,5,326.4664746,460.4107142,13704.43508,2.228658677
2009-07,2927.806193,9.805479693,530.289414,96.37716306,30922.2066,25.16287071,49.87192272,7.238509645,22,22,306.1540329,362.616749,19777.53314,0.837197899
2009-08,6645.013249,-5.059782882,171.4150891,57.00360857,34761.66428,66.21291494,59.25077711,9.426373303,59,29,196.1679615,947.6166715,9766.73396,2.383237066
2009-09,2896.815906,4.125652075,917.1019177,11.10400868,35897.1989,48.62506238,34.29907423,1.878173651,86,13,256.7521911,606.8797233,8642.406843,3.427282111
2009-10,1049.116523,-4.911585835,947.9694,66.06377226,31599.30103,42.03663281,18.1268274,14.28274988,78,22,310.7541715,583.2818024,13615.22376,4.177906324
2009-11,3773.026859,-4.448210594,767.1545672,60.83005129,36064.99182,84.57687971,25.11682577,14.71600822,89,10,252.0571935,239.5821106,17035.34743,2.347964621
2009-12,944.5386134,0.945621193,1024.158664,90.10032292,30233.2624,49.35946137,11.86755899,8.409122083,29,30,358.2072623,56.23083971,18925.15714,3.008673448
2010-01,1579.402023,44.99170845,884.8475664,67.05278297,36389.5117,45.36007758,46.18946218,14.27600275,88,5,233.8375586,945.736694,16653.11083,1.40998909
2010-02,6988.567545,-9.879872143,1058.646885,38.15998032,30828.53559,87.99900745,46.86149303,3.101955945,44,10,125.0683954,320.5979063,10253.45767,3.264990979
2010-03,3881.265941,25.12699499,520.6656582,96.79144394,34520.31425,87.70298692,52.75701756,0.868599935,79,12,130.5488779,448.1631331,13793.542,4.931262525
2010-04,2131.597045,-2.231596609,897.1165537,81.15385117,31750.57728,48.50933102,3.542948689,1.071438262,38,11,32.72777136,123.4935441,17557.08855,0.340362506
2010-05,6964.469691,40.63454752,1199.701876,64.88967375,35855.86674,86.59989608,34.59491781,9.018930952,44,1,171.4501263,838.5550866,11340.3647,4.444000286
2010-06,6772.600646,-4.850190867,869.917437,32.82789432,33586.10253,88.06227923,14.42681519,1.39380731,77,34,381.991291,37.35551453,6683.672943,2.855184264
2010-07,3197.025479,42.52847529,137.0205363,40.48632815,30946.68834,53.9144428,21.7712149,14.3989113,80,35,403.2564732,835.6508545,5885.298476,1.335283432
2010-08,1970.74114,23.60095131,621.9824669,68.64714279,33996.941,25.31785042,47.52742569,2.558031556,11,16,125.1597448,148.8821627,3002.681658,4.778959579
2010-09,5901.117539,-9.93025577,704.8173495,11.83817775,32855.17827,20.12677156,13.13795184,4.918480688,92,27,480.7506785,887.6984715,15210.04591,2.468436085
2010-10,5066.220875,39.17039589,209.0528101,29.38465621,34630.13472,61.86339703,39.02382153,12.42650813,31,27,266.1293129,732.474911,4888.65255,1.725282233
2010-11,4871.201758,18.69414908,1155.469961,72.82058867,36173.32299,47.52603947,39.96483909,3.671734685,55,21,460.980012,173.0235599,7145.264695,0.989338379
2010-12,6273.173441,4.446835443,210.6957332,50.60175844,32865.72392,99.77055153,57.33744706,4.023042648,23,37,362.1796825,570.1598129,8063.897636,1.29781583
2011-01,4888.03651,32.20035476,213.0695037,43.22738866,32029.16476,81.79287997,46.95933385,9.813479859,12,6,369.5437088,319.5297512,12526.45762,4.180960304
2011-02,2129.826013,40.96660546,1098.200566,19.38847413,30101.60566,80.90203651,48.61083853,4.503248283,19,14,69.97050201,186.4507679,9765.273714,3.110609046
2011-03,4918.269501,16.60299527,558.2465197,46.97565828,34023.87327,96.41942146,32.83284344,3.652990693,78,31,133.3958296,860.5903774,14469.45786,4.574903535
2011-04,2279.531877,7.355441094,75.82593513,78.21573722,32815.92337,91.01795183,12.83328682,4.185576857,55,10,34.14297165,409.4875388,3945.857209,1.236645416
2011-05,5362.825062,33.39198182,717.8249999,30.08122038,32622.54453,45.45499836,26.68267521,7.61438874,52,23,366.579991,404.5582772,5106.966302,0.693579012
2011-06,4414.285411,27.49820238,722.1916184,5.512861507,31280.54725,33.27897773,33.87039526,14.50844815,67,2,191.8859956,178.1878081,11486.59556,0.129828902
2011-07,726.3985535,38.88138661,77.40091042,68.50796561,33010.38742,79.67138121,41.3483166,12.56745015,53,29,399.7266826,389.2350193,8728.401393,2.588523984
2011-08,3687.280465,28.0882707,1167.026995,97.39952742,36891.09368,50.26191149,37.24712849,4.626848836,33,5,189.3000234,872.9006779,8028.827167,4.991703959
2011-09,2534.446591,3.394058639,652.8359584,62.64852354,32084.27908,57.85381213,24.85071408,5.768911523,27,1,415.0868636,369.4974234,4139.477344,3.505329817
2011-10,2434.280303,41.24125874,671.7548666,16.3925766,34197.93089,70.4318185,17.38816021,7.235427632,49,13,91.42817926,952.0875269,18227.22597,1.611133501
2011-11,4295.342856,-4.234033904,624.1384974,35.46964377,35435.40817,92.62981415,11.75738891,14.69447988,1,40,111.4853837,946.8458102,14760.91596,4.396607057
2011-12,2391.808806,4.736851256,732.8781356,87.4259534,35244.10476,53.52702029,42.2430324,2.999661791,93,17,190.2119736,153.4496727,5067.508666,3.930439103
2012-01,5482.877488,18.61070342,317.1597033,27.09396705,32301.42001,82.66535122,39.43312311,5.683505001,25,43,221.9890728,185.538141,4105.781282,0.175534314
2012-02,681.3817649,21.11581143,344.6896176,62.73111083,34276.02058,41.4671833,41.86760301,11.07667836,50,30,193.8903211,864.0473296,19572.83307,4.102616355
2012-03,4690.640116,-9.157917736,613.6069078,43.25376478,36098.8528,75.83774327,23.60659226,14.47718415,46,12,388.9141053,398.8333097,14579.93336,1.57258111
2012-04,5702.524665,32.93149992,968.0230257,24.74515353,30108.13199,20.12635369,17.21965371,2.757290585,25,25,75.56715453,14.33024246,10096.75321,0.833399976
2012-05,4775.255491,9.888402513,59.83749179,82.27365489,33050.1405,89.72057708,46.06383706,3.797009336,83,43,195.0719992,281.1331015,14929.42769,1.209021115
2012-06,3581.158526,12.35301976,724.0850547,75.56897126,31569.91393,22.4303664,46.87154891,3.772572779,91,11,423.5027998,601.6527033,15857.64037,2.396041041
2012-07,6662.087693,34.51532494,968.133771,67.85115127,32720.42603,77.02030038,28.42574969,0.803514428,83,17,61.39462631,801.2733063,16259.35744,2.181852843
2012-08,2239.581731,10.86058655,188.3007264,27.45197608,32911.92726,23.70065514,37.49043692,9.259676562,74,8,472.9014486,142.0547309,11123.9142,1.515547767
2012-09,330.3416352,-7.402631793,18.02705038,14.29641526,35226.69675,41.29965595,23.66414053,10.22519458,73,48,493.5689159,119.4359508,10308.00689,0.943869779
2012-10,3137.527726,-0.295812624,375.2559542,59.73513633,30656.75311,59.77619228,42.71293761,9.236625407,60,20,71.6270417,922.871727,3187.477433,3.834930869
2012-11,424.4811641,42.57467448,705.7724481,57.59939419,33588.08732,53.59509483,50.47185261,1.534183346,22,47,166.8980855,753.6368841,18751.47096,4.95153794
2012-12,6686.769917,-6.127705068,165.9398081,22.89657589,33949.36354,35.34688917,41.91753009,1.503836823,36,48,205.028313,593.8818048,13256.23393,3.911178744
2013-01,1627.442711,9.521216053,511.3468452,10.34343596,33459.10322,46.70519294,31.72979236,3.55060504,40,39,394.9039433,771.4949221,6453.616932,1.550091142
2013-02,5564.703763,17.67485419,662.7857968,12.66730315,35123.11277,78.2165096,28.60216165,4.709270478,51,42,310.0856017,434.5658177,18633.25813,1.299563911
2013-03,5467.090166,17.1304455,718.6597137,99.31324372,32686.53879,73.54056741,39.25453976,11.90488301,82,23,332.8518792,760.8711898,18553.84233,1.166562793
2013-04,1680.556518,-9.782203134,329.2940652,79.44047,36614.76945,25.7451667,41.42903171,2.811158853,81,33,386.0296167,378.0849614,19816.13079,0.769805865
2013-05,4424.340407,17.56395023,480.0355632,92.58881022,33372.6241,79.78526605,34.40630772,1.139337138,48,7,85.45012974,251.6536268,17858.96157,2.801519693
2013-06,526.9369857,11.10748519,934.0070749,23.53019861,33998.49737,24.2436705,38.24665196,6.212818862,26,43,421.6084447,731.7232871,19962.33459,3.066461823
2013-07,3488.307183,43.46436345,1129.457633,96.25401095,35778.71576,63.43411113,7.602143585,6.537686467,5,32,361.641308,425.4755692,7159.665198,3.556963037
2013-08,299.6004655,-1.24625038,1034.256397,18.55216339,31926.65274,40.80501984,57.20239994,7.038156404,73,22,301.3506108,981.5633333,17318.24295,3.433045518
2013-09,6463.778385,9.478480822,677.1402021,53.36277371,30526.4142,67.0152102,47.8648377,12.49010139,65,12,448.1756073,355.9903305,16991.48125,1.532433225
2013-10,6837.384965,13.07148168,492.3513635,83.82109002,34954.48785,40.90627168,23.68781644,1.921078516,23,48,359.1439863,922.5101463,6925.986107,1.718523926
2013-11,1711.522813,11.48814454,399.5479372,38.23131868,33381.08299,98.79663757,34.64313144,10.7071602,37,13,124.7989824,933.6329231,4673.438333,3.439421224
2013-12,1615.121035,26.62069552,149.9478793,45.35871065,36275.52976,44.7782547,4.744822748,5.40021078,27,13,231.9803291,249.4344176,19650.14873,1.81229344
2014-01,5325.297201,1.853207165,127.8614967,17.17758548,36878.76034,39.35685085,4.391213212,4.994711978,27,15,262.2001475,800.2389698,8032.417376,1.141853629
2014-02,1922.979912,2.158935405,826.0291499,16.6775786,32793.76545,42.27722327,16.54630344,14.02187533,65,48,55.95228457,438.7437601,17805.16044,1.934247153
2014-03,6286.520602,30.10660217,311.7532994,63.85898135,32908.07311,91.71782858,42.00269526,4.102793604,60,37,478.6796313,918.34948,3070.161629,1.433212372
2014-04,4102.718126,17.51597853,305.5940237,69.17557502,32855.73822,70.89750629,51.42456937,9.816711612,45,38,90.43131257,455.6230299,3357.421723,0.532732334
2014-05,2585.287836,12.83356218,1197.834065,78.84658884,32271.87877,78.45472779,34.43278104,4.489352482,68,25,357.8067956,746.8606802,10919.81225,4.167680621
2014-06,5862.317475,-0.693832158,225.5111494,57.884795,35471.80968,93.44084081,32.8636989,7.853586298,74,25,267.928587,472.2977351,7058.149627,4.280245807
2014-07,3555.165563,0.31399726,177.6717114,66.34713276,35312.97034,92.94979879,25.33395296,11.90124694,73,0,42.04715745,235.5227482,14727.30182,1.176776471
2014-08,6399.103813,-9.419659975,118.4222733,6.284140811,33350.51409,79.11566773,11.37268145,13.28497659,42,31,464.6313137,207.3566277,12614.59353,0.417383778
2014-09,6510.49681,-4.971555213,695.7664142,20.40621908,30312.62851,35.82595431,8.864537877,12.66110998,58,14,430.3633001,431.1768823,4317.258557,3.720254443
2014-10,1324.857034,20.62612821,753.4365912,98.56690277,32166.91511,87.46986565,46.11942615,8.941620674,1,20,276.4012261,757.9397104,5764.681037,1.136490267
2014-11,215.7991617,39.05302215,438.2735115,12.2193831,32046.12133,36.30208274,55.79520598,4.107836572,14,17,137.602898,609.0207703,9596.837591,2.027833898
2014-12,6890.730393,5.794062082,642.4960026,69.48488111,35677.61072,79.43190513,28.58042655,10.08788406,36,29,87.16275862,691.742997,6155.269087,0.414262736
2015-01,6361.735246,8.026097424,946.0794371,21.72785014,30613.02901,74.84824532,40.24784821,10.79362316,70,12,200.7944653,289.5030872,16467.7799,1.208720965
2015-02,577.0276028,-3.641691416,981.725002,73.08826565,35639.72765,80.71110801,55.03854375,0.655033857,19,23,150.0512921,486.6209925,10073.194,3.985221164
2015-03,5864.632995,11.37470201,1149.494491,72.06908828,34684.28557,62.61485446,7.22659071,6.868552409,97,29,268.1448645,53.95131232,4588.341736,4.04154259
2015-04,3313.073541,-7.952806249,989.1215831,27.24891068,35127.09021,71.09809458,46.68792428,12.72729962,34,1,484.2123692,819.3570918,11233.82934,1.114715642
2015-05,1960.938914,40.46803829,677.8097241,30.61526793,33025.49231,96.26560643,37.77537929,7.599020146,33,18,300.2281418,989.9932406,4544.249078,1.745977841
2015-06,6175.476361,27.02112415,215.588359,67.20321779,34758.08057,28.08708753,36.72095637,5.014943911,85,46,448.2675963,412.810272,5191.934192,0.757768254
2015-07,1537.33718,44.49118452,119.7162692,42.05817368,34263.20261,44.70778198,18.96734485,13.14106768,30,43,335.9130536,20.8540166,7073.367144,0.463445888
2015-08,6641.639996,38.55527395,65.41426789,23.48205712,35382.86137,68.90856105,41.66581458,2.760270114,86,46,253.3658675,178.0947132,17611.97099,4.961641401
2015-09,1598.226116,16.01448265,799.8309981,74.50956188,33127.38884,97.12433041,48.09826978,3.49345587,18,24,431.6655545,656.001609,18718.41305,3.312410361
2015-10,4373.045677,18.58267671,969.0435065,19.64401481,33309.77937,27.64595581,8.545773567,10.46689932,67,49,251.5430118,615.958525,17046.3814,2.756272895
2015-11,1716.987075,0.481682558,610.4207408,86.28614809,34505.03356,21.80393772,32.944243,5.610321152,23,13,438.2552401,789.9860724,8679.312696,3.850942652
2015-12,3910.546922,15.41216386,65.6570098,53.89360478,30756.54246,24.45996788,7.873380497,10.83874412,83,5,167.0410817,261.3451709,7631.589499,4.216378082
2016-01,4851.030883,39.66653304,642.5646895,15.04155737,33053.71114,24.19245492,52.60929312,2.786702508,38,11,90.54214467,765.9955964,12335.64674,4.052902363
2016-02,1493.54993,-7.2030617,1122.899114,70.93687169,36803.65592,92.62526862,31.44292991,4.157901799,91,19,431.9977983,691.1041813,15271.50373,0.181043302
2016-03,3742.023322,37.49562416,717.1358291,54.32048876,30262.86624,77.70063263,48.86200998,2.771386986,53,22,306.085127,329.5863527,19887.3374,1.015358701
2016-04,3389.606262,8.75212909,971.3129862,33.31546932,32212.03306,74.1685093,23.34896698,14.31719955,38,29,447.8734272,550.0332666,5236.702102,3.30903598
2016-05,683.0544655,39.47320208,960.1831781,45.14124112,32198.76873,61.80582562,9.254537155,6.378357432,16,29,470.7787873,155.8010704,3837.963983,1.941220804
2016-06,5764.49316,41.74839485,1118.55492,33.34208564,34434.24883,82.55620936,4.406959654,5.389688694,18,37,55.20534347,458.0388584,14804.05011,4.91416499
2016-07,2482.640324,26.89756879,924.2745188,29.9874544,30740.60252,32.45183942,18.327558,0.705931264,47,29,265.4555719,882.3853662,17147.83832,3.360483484
2016-08,4107.158943,26.54330826,897.2406168,20.54279998,34399.80822,51.35529518,16.16555462,2.724554901,34,40,206.2333381,426.979466,17387.92926,4.787089653
2016-09,3700.532798,14.90148857,280.923198,39.46287765,30665.28168,59.20034006,34.50041449,6.606469916,31,29,324.1534466,841.1710394,14533.88033,1.08708776
2016-10,3690.171431,35.95471235,71.91018639,28.8437846,30664.67553,28.83275981,3.260852608,1.493290492,46,35,402.9878627,594.3508316,19218.26867,4.333389438
2016-11,929.1122806,42.88870171,621.1193581,69.92627627,35097.2835,53.56109675,32.19309157,7.905720278,46,48,161.8774015,199.957946,11687.08098,1.674626298
2016-12,3079.677663,32.62949902,149.3210495,69.96829041,32268.94622,45.32014234,24.72276104,7.097723858,63,33,291.6952407,585.2951823,18534.85157,4.94886756
2017-01,3276.093963,24.20652036,1154.635052,52.67482304,36841.96063,22.84657166,35.47309166,11.62393803,45,15,363.1024326,510.9234959,19452.80633,0.872674493
2017-02,5188.771314,23.37360927,347.9097152,78.90473011,30261.47056,30.93883222,42.74021663,10.06713917,34,23,93.18260893,404.6549218,17401.67677,2.630065112
2017-03,5912.128057,36.72084459,1023.533044,84.92727331,33115.74665,81.12294585,38.77733281,6.966235927,93,13,412.6114458,128.4341351,8265.895575,3.984938216
2017-04,3905.879491,19.76620712,465.1495502,60.07781346,30791.95156,21.44303276,59.10937342,3.757580152,16,25,314.8715119,422.5415772,6335.66607,2.219948155
2017-05,790.1240876,34.21229374,387.8330998,63.79884046,32459.65277,94.74026393,10.01938994,11.03952171,41,7,476.2825954,82.03475248,12318.0411,2.393611895
2017-06,1810.5764,17.98868903,1122.190287,31.87416143,36987.55715,26.9139706,26.92474652,10.7640005,28,13,189.578592,107.7813609,10701.25076,4.933143398
2017-07,1321.551383,-6.565564876,435.9870865,90.01257407,36221.89758,83.93904754,26.64018273,2.722794327,69,30,80.8285929,421.7573676,17921.89182,2.184009936
2017-08,1047.38243,11.11708549,468.3454904,7.29957422,30338.27086,91.88932328,26.18908581,13.76390156,16,1,268.0555645,312.3276671,4700.538408,3.059953293
2017-09,2688.115231,14.44425267,127.3101355,38.1172346,33942.79091,95.29084679,40.50030674,1.433874182,80,47,70.3310627,926.2888826,7381.581042,0.367244337
2017-10,1759.875815,-2.211051526,804.5359983,73.57104005,34534.75613,89.39816188,30.41002751,1.298046779,13,3,485.677466,381.9487473,15780.58206,4.226829393
2017-11,1684.46116,-4.362701895,346.6072974,12.60850342,31466.74237,43.00400315,32.01108847,3.216581056,23,0,48.18193038,760.2795409,4614.772965,3.27602344
2017-12,571.9135871,19.45057223,702.7250014,22.40110511,31015.73901,46.64697051,27.07664754,13.68718157,56,19,384.1468335,534.9450511,8452.995038,2.079698504
2018-01,320.1563046,-5.317099989,709.6220449,60.98214415,36330.66794,54.12365589,59.51856874,8.039972799,49,13,276.7981271,707.044812,9581.641699,0.179230746
2018-02,898.82405,6.661984234,863.0396347,58.19939879,36781.71509,31.14373515,55.79855823,11.92514335,56,39,203.2517067,267.5148232,13584.09454,2.999177221
2018-03,1370.94286,30.95283368,894.2897834,75.19818813,36943.25,21.78179641,19.84800298,3.803726227,60,24,60.94581732,942.4859231,5688.254977,0.16202336
2018-04,3130.689356,43.04376988,617.3429213,82.19820071,35528.33242,89.52972914,8.472447636,7.608218632,38,24,322.4184544,534.7876119,17630.27634,0.105897708
2018-05,3671.537777,29.48288193,397.1903371,17.21505996,34644.51449,64.3302973,50.70635399,5.695197223,54,2,305.0535548,833.0108306,10608.218,3.118882955
2018-06,1156.025044,44.59440516,1004.941074,6.746194029,32420.11177,68.69783537,59.83587458,12.5035148,95,4,162.0151383,371.3952365,18589.3691,1.02618363
2018-07,3088.526722,28.40858842,371.8387793,70.51565937,31199.78819,94.15907799,18.97131585,0.827764371,35,37,457.8041997,109.2092356,10953.78853,1.040248994
2018-08,2523.892128,6.158695886,609.0109134,33.6322206,30552.8642,73.20961425,22.7515257,4.035719585,36,25,172.9317035,676.9745312,7675.684402,3.301030673
2018-09,1447.280776,26.96288973,481.5030998,64.46847182,34853.08228,75.26828035,56.61472453,2.712326252,13,39,241.370943,17.68205185,5411.090088,0.363116221
2018-10,246.5170874,28.61862209,1026.094063,19.30173587,35493.06391,82.95749187,43.24551204,12.95824106,26,37,285.5683543,480.5400468,3063.66661,1.635687251
2018-11,3375.721492,10.44498415,518.3022374,49.55880443,35785.17557,29.30787599,19.14702324,7.279385821,82,37,77.10898274,200.8738836,12046.67724,0.83221632
2018-12,4862.431895,-9.025738216,463.3190266,52.92035088,36396.35502,48.81297226,35.70069649,6.361190636,30,3,468.116008,631.1017494,4821.663848,2.942864212
2019-01,1738.685872,28.67598816,827.7884315,60.58239256,36159.50695,97.45663422,56.7653156,7.01750005,72,6,206.0319917,979.6256744,9659.371982,3.342649258
2019-02,1096.286443,-8.80649476,722.9293318,53.75115155,36998.18891,93.83440625,49.0851602,14.59290599,80,29,67.96623052,469.7588773,13017.61994,3.633565683
2019-03,6231.890662,24.71534429,128.6962002,52.09062317,31708.44808,90.7260237,45.0262974,12.82887722,82,29,212.0268516,819.323274,7686.660247,1.350632963
2019-04,2070.168453,-1.001093119,609.8025676,36.60974463,35343.15331,56.16708083,44.74578608,10.74234719,43,18,312.0951971,512.7063451,5978.81297,0.537323783
2019-05,1720.565815,21.10819403,882.574066,11.76212245,34105.21659,88.57543629,12.32517881,4.711944909,67,38,271.4167558,500.8816308,16170.26758,0.485549919
2019-06,6028.259189,17.7152164,1190.489718,13.5044187,31828.71593,23.87167056,49.83151188,2.895008493,47,34,356.4347278,931.1192582,19095.44993,2.188142587
2019-07,5756.328274,-9.256749673,754.9762008,46.20893607,36873.33726,31.88139394,18.01488068,13.86078762,56,39,56.07745277,891.0662101,4707.487104,4.734637604
2019-08,3248.756,9.957619935,444.3516797,38.80034714,36285.28673,53.11741588,55.96126616,6.634595081,74,32,163.7340868,787.9424605,5645.035515,1.166872268
2019-09,3526.824258,23.06001421,271.3819198,54.03280644,30899.60968,58.67136533,23.14911948,4.541959092,21,32,415.0383711,303.2931958,19320.21517,1.358033847
2019-10,1680.691193,36.67336035,1047.396281,33.95962608,30183.1084,41.08057228,51.74430303,7.328351983,3,13,67.55003326,549.5583316,3642.331771,0.59435513
2019-11,732.4513593,38.87531626,977.4782545,70.35145869,34818.31534,48.51813367,17.44154268,13.80878763,80,37,432.0783987,231.658261,19619.74972,3.067294342
2019-12,4099.336412,16.61174835,280.7073849,87.07570809,34228.9144,33.02208808,31.84256232,6.112476044,71,9,73.19116328,449.4775311,3078.956212,3.431377082
2020-01,868.7454668,30.0632368,240.7585082,33.39200293,36550.70937,59.13072254,8.199347138,8.65829446,45,27,422.193481,489.3709351,17852.36715,3.25036292
2020-02,3255.066919,7.405001709,858.1641322,23.33348075,31638.03701,83.50746343,40.28689637,12.14301137,58,13,199.5705485,833.3236398,8224.528077,4.319538191
2020-03,6595.38095,8.820252317,377.9424743,16.03715455,30590.71564,72.90883149,50.49259796,6.6934217,33,35,317.7382597,897.0680817,18956.01059,2.483486592
2020-04,6679.273846,0.695493555,367.678558,63.54413385,31814.50734,28.62337979,43.66994232,3.886356128,10,37,101.8569444,420.4738618,8388.069907,0.7588395
2020-05,1827.459549,20.90714605,182.7482965,47.16631916,30132.49348,59.00652827,32.34899375,14.92062335,30,15,61.09929921,27.52740062,14123.20747,1.51808514
2020-06,4443.971256,7.301028301,316.7706237,22.86149313,30251.24926,75.81171062,4.616720959,14.37027743,10,20,131.4909559,863.1561014,4360.553686,3.34590687
2020-07,3423.718596,-5.359600696,513.0090691,67.04798966,36404.00464,62.39162372,56.13957842,12.73044795,55,27,90.09129442,182.5358917,7119.606795,3.104297671
2020-08,6154.658868,27.67533477,879.4060047,19.10590239,32464.11608,51.33404772,42.91839382,10.48142125,37,32,176.8307719,625.6631443,16152.54889,2.701915336
2020-09,2045.729877,28.92642642,403.5697133,57.65856706,32875.66301,69.7531537,45.26012583,4.775551607,20,5,271.7601259,34.72119143,11987.65951,3.446525652
2020-10,225.1763665,9.799583033,394.3252074,55.07909625,30128.60158,97.49109322,48.09147338,13.7444876,93,40,306.7169479,405.5114105,18775.47405,3.223215167
2020-11,1305.4162,-5.78021303,341.8959031,74.75164111,31893.65246,27.59263278,45.3691187,4.495571717,9,14,401.2380105,986.1006991,10288.77394,4.418491958
2020-12,2576.755048,13.44637446,573.940401,10.23541579,35633.08189,51.20128486,27.58473752,12.11173767,25,43,338.4327498,109.6866651,17786.81022,2.97148025
2021-01,2346.903682,14.32845019,216.7640375,89.34792853,34308.43672,52.52846824,44.5500661,13.81474344,90,2,316.1164128,429.4562205,10632.24244,3.915146658
2021-02,5581.26785,26.77689867,582.7568808,71.78421398,35276.46421,66.15738484,38.25155369,9.243555686,7,42,223.5375529,314.0784507,19647.22074,1.318665064
2021-03,4827.81253,7.347901519,845.0106674,25.53196984,33130.49619,32.17396815,51.53294735,12.14431516,7,46,252.6899644,906.0372422,19317.18448,3.423094664
2021-04,2236.982973,27.54296039,35.74860484,22.42350812,32168.10455,34.13144239,48.54266929,11.97957894,59,34,224.8247898,870.6467068,8595.323994,4.52075118
2021-05,3312.657957,37.9318698,11.73525637,46.00772034,33379.67065,42.82891088,4.399714183,3.300787391,71,13,425.8180341,245.3217727,18060.7024,1.990088407
2021-06,849.8019069,3.06173233,90.14749219,82.66870631,32261.49748,96.46960346,23.97545124,10.18490487,33,1,138.1002127,90.37590918,17409.39336,3.917610518
2021-07,6307.395825,43.84057559,642.7920741,85.08024935,35872.79768,78.7286865,4.013536827,1.855285085,15,28,32.68883782,630.8670101,6581.566755,3.651467576
2021-08,6560.888806,11.25024754,1025.3461,54.44332875,32083.71601,72.93546414,7.920345636,7.863827075,12,3,336.1203517,343.0050248,13612.93681,0.391678365
2021-09,6862.664041,4.699227683,5.861359224,86.77703196,34618.34548,85.35661499,36.88182188,2.852415448,86,25,125.1572263,675.3635467,4235.599365,2.949390717
2021-10,6106.159249,13.18311504,1123.993566,5.517152373,30958.87556,30.20611751,52.68166563,6.537067733,75,11,448.3541141,41.79855851,17224.08225,0.737927811
2021-11,1382.934036,-4.808138825,127.5342139,8.341589996,34808.06546,88.74662558,8.949836005,12.57824008,90,1,433.751775,142.0652428,5967.28002,4.839863944
2021-12,514.1360858,-3.086175142,1010.380234,91.6230514,36393.09798,67.58661711,28.16317867,14.81393367,21,16,66.06186481,689.5085104,4203.849924,4.075896763
2022-01,4141.257746,12.79387258,579.425718,78.65653334,34260.08208,46.8263206,54.83097648,5.110417559,95,34,80.00255054,220.2469487,9803.724624,0.637646626
2022-02,6405.714183,31.93444871,791.2288647,47.81707553,33918.98766,85.26842046,49.22945705,8.213357632,26,9,262.7306484,859.011799,12807.67636,0.696584788
2022-03,1405.989259,39.51717318,612.8195813,76.59296249,36727.82788,84.20516275,32.140738,7.913821353,63,47,316.3346515,68.00497883,17533.5883,3.012921889
2022-04,247.8918194,26.56498949,572.4578702,95.78574886,34391.77589,87.65668654,46.75114348,14.33882189,1,21,159.2069186,223.327163,19562.12293,1.789956953
2022-05,5677.373113,-4.212924462,1001.879314,78.34850477,31816.85303,29.24143201,32.31623889,7.43946412,96,40,366.8949268,998.574646,10471.37271,0.271038709
2022-06,722.2106531,26.96108692,907.0636555,85.02527671,32046.73717,97.5488996,11.16935556,10.63703998,25,42,309.6105298,438.7453416,4027.597691,2.754043388
2022-07,3013.201017,24.94853564,580.0826838,77.25762523,34937.1465,96.7700923,9.234694567,13.86594388,91,20,182.6673316,705.9360069,15734.96484,2.000440988
2022-08,4816.433893,34.31701551,133.9631153,20.98005378,35148.05616,48.59757164,12.92535746,5.913989113,82,14,41.92459938,190.8364184,12607.94536,0.595274813
2022-09,1810.223581,35.38867667,138.4835512,84.18954042,32124.47362,25.27152146,22.35348151,13.58077245,68,34,382.5706322,613.7700476,10614.15286,4.029409922
2022-10,770.9454314,37.75116917,961.8473529,23.5353379,32417.40785,33.36445356,55.97069753,13.80311522,96,47,130.9342229,728.8450077,8257.570939,4.58387615
2022-11,5436.144353,12.7772333,635.2687456,89.79807616,36937.39556,99.42646604,48.38134799,13.99460631,83,20,422.2026594,321.3318695,11540.77497,3.807310277
2022-12,4485.190577,28.38254174,577.9069683,48.57174032,30713.66785,65.04103545,27.10249055,4.421469689,29,20,227.5364222,830.6081409,8757.553276,4.129869319
2023-01,6921.735295,4.753769741,816.6802096,69.31279147,32832.5152,48.52974391,30.59844917,6.305156117,7,20,301.226398,607.3834027,15869.20175,1.16080378
2023-02,2541.294627,44.9634954,1030.6099,52.23788055,30437.13272,43.05621551,17.40534854,13.12074067,37,43,440.2859033,395.2317795,12246.19284,1.39150746
2023-03,619.9842268,-0.356616724,754.6477733,13.92913829,35747.54853,40.55933882,42.85247148,5.707846452,60,31,435.9028104,562.0659694,17906.41216,1.121784947
2023-04,5193.58024,-9.443706259,915.4174828,32.61861922,30646.42087,73.1322212,48.56040894,9.203668978,80,4,204.6142004,580.993239,12240.24655,3.848810814
2023-05,3747.787248,-1.815520702,918.3246289,98.45452613,34718.0515,53.55102652,15.85647235,2.211790355,64,38,128.1777796,173.8799398,7050.461027,4.744793687
2023-06,1649.786733,32.67297592,427.5137386,96.26790141,30395.38397,97.23285595,4.42565418,1.315987328,66,8,394.3186565,408.7050462,17468.562,3.612502313
2023-07,5515.757125,14.57310221,328.8998348,35.44625528,34709.98526,74.70744245,38.1855587,6.473912848,45,17,233.5476957,349.9962821,12472.72376,4.419187148
2023-08,1585.537304,14.61251363,961.3968806,99.6481964,35901.25863,83.36356728,34.62570291,8.894289723,89,20,120.259737,406.8936954,6516.297648,3.229625565
2023-09,1972.499253,42.52626058,452.6145501,85.32736357,32791.75069,43.41932389,25.32360699,6.194137144,94,7,455.0799109,763.4994826,13599.63277,1.999533513
2023-10,829.1941697,40.57991994,1084.003208,63.04115245,33654.88545,26.33491273,39.34584862,8.877168667,71,43,123.1089713,487.7130234,9081.185004,2.186231913
2023-11,2916.139497,7.115710579,83.62883608,8.811838925,32810.79217,59.02582699,33.93557128,7.968723454,42,33,42.12936905,940.9129917,17354.89541,0.469075018
2023-12,3048.718723,1.498197083,69.86101449,90.63744881,32103.42131,45.16652372,16.53373144,10.44275482,58,9,39.53158767,300.7396492,10706.09556,0.254140257
2024-01,3699.020174,36.66652155,1112.404992,57.95578153,35622.8438,36.1666532,25.06828059,9.91822025,45,40,322.4882175,421.5465425,15349.50309,3.507830461
2024-02,5020.957016,39.83104891,778.145897,87.50523436,31904.01802,96.21137046,26.83058705,6.651562696,71,23,340.9872785,789.0872424,4624.11553,2.248301571
2024-03,6361.486315,19.78783075,455.5192277,84.27076639,35060.60397,55.51905715,53.05438368,6.662430986,34,39,176.1896014,550.5643474,9732.413887,2.805853833
2024-04,1136.591872,24.61830411,906.0724978,84.13559044,31443.37955,33.97668736,57.73244094,2.54128593,38,23,180.4051649,551.557865,19715.10442,2.832540113
2024-05,569.5670688,4.130285658,806.792172,71.32651677,31748.97657,35.89205221,53.79407902,7.941959295,91,31,189.5621401,62.80676138,16743.82492,1.459141485
2024-06,326.0123884,34.04414784,637.4412562,32.68443817,32355.22814,42.4567794,43.7123254,9.014097358,50,32,349.674517,404.6136661,5718.99364,2.431873303
2024-07,1176.625371,24.76673356,118.6480112,36.93522449,34124.09464,99.94530146,35.92957855,7.409096262,3,37,57.32288178,278.0263951,7721.988841,2.406725086
2024-08,4674.056503,17.69324312,974.6155048,34.3045752,33180.95623,41.44092004,41.97717486,5.222756359,79,43,466.6846858,999.3417716,8606.868751,2.003293384
2024-09,5146.84413,-6.694029416,1039.227829,6.904369956,35216.01367,46.30414437,56.4683348,10.96390389,76,48,134.5848908,315.2715199,14056.21453,4.121309379
2024-10,5548.238852,40.37642294,206.6024263,60.34404638,31494.9711,72.74625024,16.49992664,1.582593847,83,33,499.8464065,885.6515694,15868.91091,2.310703618
2024-11,1857.215841,23.84982812,1020.613982,71.38919869,30074.70601,43.51691011,33.03698945,13.75938536,50,10,110.6156661,679.4713977,15741.95235,3.05785817
2024-12,2280.08473,0.598010208,1053.416773,86.11726938,35435.9023,37.26434008,41.9972651,0.799329873,4,30,392.6268349,347.5072451,11667.85896,4.48804859
2025-01,3485.31559,23.35123643,659.3143347,18.31571617,35751.54534,32.69097493,41.39632608,14.45407693,54,17,135.0038961,548.0990346,16783.94914,4.344544752
2025-02,629.6450586,27.26048448,787.4148435,56.69739915,30416.36114,45.0146132,16.63217966,7.204156214,19,22,67.99799677,842.1305211,10430.32741,4.463068799
2025-03,4355.762358,18.91736852,458.684784,5.760773364,34276.35266,28.47325517,36.03042859,6.483714188,23,21,441.2186624,884.5346151,5105.96961,1.423024483
2025-04,6889.398229,29.49559559,338.149977,14.03389653,32647.44749,21.49172691,48.16296226,4.218438253,35,42,433.6130918,168.7899363,12595.51131,0.271414193
2025-05,2653.482917,21.97996714,866.3797763,10.1501157,35557.26959,84.37133579,29.55458084,0.646031455,33,17,219.6780845,346.1774098,19189.12354,1.379227319
2025-06,5319.362831,42.12732701,1034.250179,73.92041323,36120.90188,31.03159539,48.01128845,4.484458834,53,39,360.126187,341.8709484,16480.89207,1.465665994
2025-07,3600.230626,-7.046660677,784.8930635,12.70065857,35957.02637,82.07814799,22.87319067,2.086298919,33,46,291.8209884,51.62434812,12837.91101,4.555865601
2025-08,1069.120542,-4.156486034,613.9087328,73.06303325,35440.42973,83.80339832,56.44808738,10.06740222,82,40,430.8893734,602.2553823,13995.69623,3.281289391
2025-09,4159.214652,-0.448059968,190.7097202,28.71434692,31883.3656,63.03356211,32.96784955,5.126587099,16,46,178.0763056,856.2718525,18819.55446,0.500349402
2025-10,2239.145025,27.95940888,64.15045513,88.38273127,35683.2275,44.77455667,36.56498115,11.62410026,4,38,276.126028,387.7586439,10281.82751,0.76335512
2025-11,433.9418175,25.507773,534.8301483,82.24924889,33734.34933,31.6026187,3.818970991,3.500284717,88,19,258.1250145,742.6355855,8633.700362,0.862813015
2025-12,4517.522165,39.06323731,59.21947644,95.99387066,30369.2963,78.94440854,11.87560995,13.55340543,17,12,196.3357383,631.4234095,19613.10661,3.189066566
